model_iteration,k,accuracy,brier_loss,log_loss,combined_rmse
2.0,100.0,0.648854961832061,0.2474157483409792,0.6879775359540395,4.692828800747548
2.0,99.9,0.648854961832061,0.24741794747446985,0.6879819371457141,4.69576654579626
2.0,99.8,0.648854961832061,0.24742014711857022,0.6879863393542568,4.698707581219603
2.0,99.7,0.648854961832061,0.24742234727369364,0.6879907425804963,4.701651912296799
2.0,99.6,0.648854961832061,0.24742454794025479,0.6879951468252611,4.704599544318318
2.0,99.5,0.648854961832061,0.24742674911866855,0.6879995520893823,4.707550482585965
2.0,99.4,0.648854961832061,0.24742895080935054,0.6880039583736958,4.71050473241296
2.0,99.3,0.648854961832061,0.24743115301271795,0.6880083656790343,4.7134622991238695
2.0,99.2,0.648854961832061,0.24743335572918843,0.6880127740062356,4.716423188054689
2.0,99.1,0.648854961832061,0.24743555895918024,0.6880171833561387,4.719387404552911
2.0,99.0,0.648854961832061,0.24743776270311052,0.6880215937295788,4.722354953977515
2.0,98.9,0.648854961832061,0.24743996696140155,0.6880260051274,4.725325841698928
2.0,98.8,0.648854961832061,0.24744217173447153,0.6880304175504451,4.728300073099208
2.0,98.7,0.648854961832061,0.24744437702274324,0.6880348309995546,4.731277653572004
2.0,98.6,0.648854961832061,0.24744658282663762,0.6880392454755763,4.734258588522474
2.0,98.5,0.648854961832061,0.24744878914657814,0.6880436609793588,4.737242883367557
2.0,98.4,0.648854961832061,0.24745099598298856,0.6880480775117487,4.740230543535763
2.0,98.3,0.648854961832061,0.24745320333629187,0.6880524950735962,4.743221574467362
2.0,98.2,0.648854961832061,0.2474554112069143,0.6880569136657532,4.7462159816143
2.0,98.1,0.648854961832061,0.2474576195952816,0.6880613332890728,4.749213770440442
2.0,98.0,0.648854961832061,0.24745982850181983,0.688065753944409,4.752214946421316
2.0,97.9,0.648854961832061,0.2474620379269565,0.6880701756326199,4.7552195150443
2.0,97.8,0.648854961832061,0.24746424787112037,0.6880745983545624,4.758227481808677
2.0,97.7,0.648854961832061,0.24746645833474037,0.6880790221110971,4.761238852225622
2.0,97.6,0.648854961832061,0.24746866931824482,0.688083446903082,4.764253631818297
2.0,97.5,0.648854961832061,0.24747088082206603,0.6880878727313828,4.767271826121686
2.0,97.4,0.648854961832061,0.247473092846635,0.6880922995968626,4.770293440682875
2.0,97.3,0.648854961832061,0.2474753053923834,0.6880967275003876,4.7733184810609295
2.0,97.2,0.648854961832061,0.2474775184597439,0.688101156442824,4.776346952827047
2.0,97.1,0.648854961832061,0.24747973204915133,0.6881055864250425,4.779378861564435
2.0,97.0,0.648854961832061,0.2474819461610394,0.688110017447913,4.7824142128685185
2.0,96.9,0.648854961832061,0.2474841607958435,0.6881144495123078,4.785453012346743
2.0,96.8,0.648854961832061,0.24748637595400036,0.6881188826190998,4.788495265618919
2.0,96.7,0.648854961832061,0.2474885916359457,0.6881233167691654,4.791540978316956
2.0,96.6,0.648854961832061,0.24749080784211835,0.6881277519633812,4.794590156085031
2.0,96.5,0.648854961832061,0.24749302457295644,0.6881321882026261,4.797642804579701
2.0,96.4,0.648854961832061,0.24749524182889893,0.6881366254877807,4.800698929469765
2.0,96.3,0.648854961832061,0.24749745961038652,0.6881410638197266,4.803758536436421
2.0,96.2,0.648854961832061,0.24749967791786082,0.6881455031993474,4.806821631173268
2.0,96.1,0.648854961832061,0.24750189675176215,0.6881499436275268,4.809888219386268
2.0,96.0,0.648854961832061,0.24750411611253403,0.6881543851051544,4.812958306793893
2.0,95.9,0.648854961832061,0.24750633600061975,0.6881588276331158,4.8160318991271724
2.0,95.8,0.648854961832061,0.2475085564164636,0.688163271212303,4.819109002129522
2.0,95.7,0.648854961832061,0.24751077736051044,0.6881677158436079,4.822189621557041
2.0,95.6,0.648854961832061,0.24751299883320638,0.6881721615279218,4.825273763178399
2.0,95.5,0.648854961832061,0.24751522083499772,0.6881766082661414,4.828361432774806
2.0,95.4,0.648854961832061,0.24751744336633327,0.688181056059164,4.831452636140323
2.0,95.3,0.648854961832061,0.24751966642766018,0.6881855049078857,4.834547379081544
2.0,95.2,0.648854961832061,0.24752189001942837,0.688189954813209,4.837645667417867
2.0,95.1,0.648854961832061,0.24752411414208764,0.6881944057760343,4.840747506981472
2.0,95.0,0.648854961832061,0.24752633879608835,0.6881988577972663,4.843852903617359
2.0,94.9,0.648854961832061,0.24752856398188294,0.6882033108778081,4.846961863183261
2.0,94.8,0.648854961832061,0.24753078969992423,0.6882077650185676,4.8500743915499465
2.0,94.7,0.648854961832061,0.24753301595066593,0.6882122202204543,4.853190494600985
2.0,94.6,0.648854961832061,0.2475352427345608,0.6882166764843762,4.85631017823295
2.0,94.5,0.648854961832061,0.24753747005206533,0.688221133811247,4.859433448355351
2.0,94.4,0.648854961832061,0.24753969790363495,0.6882255922019794,4.862560310890771
2.0,94.3,0.648854961832061,0.24754192628972668,0.6882300516574898,4.8656907717748314
2.0,94.2,0.648854961832061,0.24754415521079837,0.6882345121786932,4.868824836956181
2.0,94.1,0.648854961832061,0.2475463846673079,0.6882389737665097,4.87196251239671
2.0,94.0,0.648854961832061,0.24754861465971575,0.6882434364218604,4.875103804071425
2.0,93.9,0.648854961832061,0.24755084518848108,0.6882479001456646,4.878248717968451
2.0,93.8,0.648854961832061,0.247553076254066,0.6882523649388491,4.8813972600892725
2.0,93.7,0.648854961832061,0.2475553078569322,0.68825683080234,4.884549436448568
2.0,93.6,0.648854961832061,0.2475575399975421,0.688261297737063,4.887705253074375
2.0,93.5,0.648854961832061,0.24755977267636023,0.6882657657439479,4.8908647160080605
2.0,93.4,0.648854961832061,0.2475620058938509,0.6882702348239242,4.894027831304389
2.0,93.3,0.648854961832061,0.2475642396504793,0.6882747049779269,4.897194605031508
2.0,93.2,0.648854961832061,0.24756647394671247,0.6882791762068882,4.900365043271049
2.0,93.1,0.648854961832061,0.24756870878301632,0.6882836485117447,4.9035391521181
2.0,93.0,0.648854961832061,0.2475709441598609,0.6882881218934364,4.906716937681382
2.0,92.9,0.648854961832061,0.24757318007771323,0.6882925963528997,4.909898406083077
2.0,92.8,0.648854961832061,0.24757541653704568,0.6882970718910796,4.91308356345906
2.0,92.7,0.648854961832061,0.24757765353832675,0.6883015485089172,4.91627241595877
2.0,92.6,0.648854961832061,0.24757989108202927,0.6883060262073583,4.919464969745404
2.0,92.5,0.648854961832061,0.24758212916862574,0.6883105049873496,4.92266123099586
2.0,92.4,0.648854961832061,0.24758436779858956,0.6883149848498394,4.925861205900774
2.0,92.3,0.648854961832061,0.2475866069723946,0.6883194657957769,4.929064900664595
2.0,92.2,0.648854961832061,0.24758884669051712,0.688323947826117,4.93227232150561
2.0,92.1,0.648854961832061,0.24759108695343265,0.6883284309418126,4.935483474656007
2.0,92.0,0.648854961832061,0.2475933277616182,0.6883329151438188,4.938698366361844
2.0,91.9,0.648854961832061,0.24759556911555283,0.6883374004330944,4.941917002883126
2.0,91.8,0.648854961832061,0.24759781101571382,0.6883418868105983,4.945139390493918
2.0,91.7,0.648854961832061,0.24760005346258163,0.6883463742772918,4.948365535482297
2.0,91.6,0.648854961832061,0.24760229645663775,0.6883508628341387,4.951595444150337
2.0,91.5,0.648854961832061,0.24760453999836307,0.688355352482103,4.954829122814327
2.0,91.4,0.648854961832061,0.24760678408824038,0.6883598432221518,4.958066577804622
2.0,91.3,0.648854961832061,0.24760902872675292,0.6883643350552542,4.961307815465834
2.0,91.2,0.648854961832061,0.24761127391438537,0.6883688279823797,4.96455284215675
2.0,91.1,0.648854961832061,0.24761351965162348,0.6883733220045035,4.96780166425046
2.0,91.0,0.648854961832061,0.247615765938953,0.6883778171225963,4.971054288134366
2.0,90.9,0.648854961832061,0.24761801277686055,0.6883823133376362,4.974310720210163
2.0,90.8,0.648854961832061,0.24762026016583535,0.6883868106505994,4.977570966894011
2.0,90.7,0.648854961832061,0.24762250810636666,0.6883913090624698,4.9808350346165
2.0,90.6,0.648854961832061,0.24762475659894312,0.6883958085742246,4.984102929822598
2.0,90.5,0.648854961832061,0.24762700564405696,0.6884003091868492,4.987374658971905
2.0,90.4,0.648854961832061,0.2476292552421987,0.6884048109013285,4.9906502285384935
2.0,90.3,0.648854961832061,0.2476315053938627,0.6884093137186513,4.99392964501107
2.0,90.2,0.648854961832061,0.24763375609954205,0.6884138176398062,4.99721291489294
2.0,90.1,0.648854961832061,0.24763600735973212,0.6884183226657848,5.000500044702113
2.0,90.0,0.648854961832061,0.2476382591749267,0.688422828797579,5.003791040971315
2.0,89.9,0.648854961832061,0.24764051154562455,0.6884273360361837,5.007085910248036
2.0,89.8,0.648854961832061,0.2476427644723223,0.6884318443825971,5.010384659094545
2.0,89.7,0.648854961832061,0.24764501795551888,0.6884363538378188,5.013687294087962
2.0,89.6,0.648854961832061,0.2476472719957135,0.6884408644028462,5.016993821820287
2.0,89.5,0.648854961832061,0.24764952659340633,0.6884453760786856,5.020304248898498
2.0,89.4,0.648854961832061,0.2476517817490998,0.6884498888663392,5.02361858194448
2.0,89.3,0.648854961832061,0.24765403746329587,0.688454402766816,5.026936827595131
2.0,89.2,0.648854961832061,0.24765629373649783,0.6884589177811229,5.0302589925024535
2.0,89.1,0.648854961832061,0.2476585505692098,0.68846343391027,5.03358508333355
2.0,89.0,0.648854961832061,0.2476608079619371,0.68846795115527,5.036915106770563
2.0,88.9,0.648854961832061,0.24766306591518686,0.6884724695171379,5.040249069510935
2.0,88.8,0.648854961832061,0.24766532442946618,0.68847698899689,5.043586978267263
2.0,88.7,0.648854961832061,0.24766758350528262,0.6884815095955445,5.046928839767441
2.0,88.6,0.648854961832061,0.24766984314314602,0.6884860313141217,5.050274660754686
2.0,88.5,0.648854961832061,0.24767210334356682,0.6884905541536447,5.0536244479875805
2.0,88.4,0.648854961832061,0.24767436410705618,0.688495078115136,5.056978208240027
2.0,88.3,0.648854961832061,0.24767662543412586,0.6884996031996244,5.060335948301477
2.0,88.2,0.648854961832061,0.2476788873252907,0.6885041294081364,5.063697674976785
2.0,88.1,0.648854961832061,0.24768114978106195,0.6885086567417011,5.067063395086446
2.0,88.0,0.648854961832061,0.2476834128019574,0.6885131852013534,5.07043311546642
2.0,87.9,0.648854961832061,0.24768567638849315,0.6885177147881273,5.073806842968352
2.0,87.8,0.648854961832061,0.24768794054118587,0.6885222455030586,5.077184584459507
2.0,87.7,0.648854961832061,0.24769020526055396,0.688526777347185,5.080566346822904
2.0,87.6,0.648854961832061,0.2476924705471162,0.6885313103215469,5.083952136957322
2.0,87.5,0.648854961832061,0.24769473640139417,0.6885358444271875,5.087341961777313
2.0,87.4,0.648854961832061,0.247697002823908,0.6885403796651517,5.090735828213282
2.0,87.3,0.648854961832061,0.2476992698151805,0.6885449160364856,5.094133743211531
2.0,87.2,0.648854961832061,0.24770153737573547,0.6885494535422367,5.097535713734302
2.0,87.1,0.648854961832061,0.24770380550609689,0.6885539921834568,5.1009417467597995
2.0,87.0,0.648854961832061,0.24770607420679006,0.6885585319611984,5.104351849282297
2.0,86.9,0.648854961832061,0.24770834347834203,0.6885630728765167,5.107766028312131
2.0,86.8,0.648854961832061,0.2477106133212797,0.688567614930467,5.111184290875717
2.0,86.7,0.648854961832061,0.2477128837361319,0.6885721581241095,5.114606644015686
2.0,86.6,0.648854961832061,0.24771515472342923,0.6885767024585066,5.118033094790861
2.0,86.5,0.648854961832061,0.24771742628369983,0.6885812479347175,5.121463650276332
2.0,86.4,0.648854961832061,0.24771969841747765,0.6885857945538104,5.124898317563562
2.0,86.3,0.648854961832061,0.24772197112529495,0.6885903423168528,5.12833710376024
2.0,86.2,0.648854961832061,0.24772424440768445,0.6885948912249096,5.131780015990507
2.0,86.1,0.648854961832061,0.24772651826518222,0.6885994412790601,5.135227061395031
2.0,86.0,0.648854961832061,0.24772879269832374,0.6886039924803717,5.138678247130874
2.0,85.9,0.648854961832061,0.24773106770764597,0.6886085448299224,5.142133580371701
2.0,85.8,0.648854961832061,0.24773334329368638,0.6886130983287891,5.145593068307764
2.0,85.7,0.648854961832061,0.24773561945698575,0.6886176529780539,5.1490567181459435
2.0,85.6,0.648854961832061,0.2477378961980814,0.6886222087787947,5.152524537109817
2.0,85.5,0.648854961832061,0.24774017351751776,0.6886267657321011,5.155996532439664
2.0,85.4,0.648854961832061,0.24774245141583473,0.6886313238390561,5.159472711392626
2.0,85.3,0.648854961832061,0.2477447298935771,0.6886358831007504,5.162953081242614
2.0,85.2,0.648854961832061,0.2477470089512878,0.6886404435182708,5.166437649280425
2.0,85.1,0.648854961832061,0.24774928858951473,0.6886450050927161,5.169926422813856
2.0,85.0,0.648854961832061,0.2477515688088022,0.6886495678251772,5.173419409167529
2.0,84.9,0.648854961832061,0.2477538496096986,0.688654131716752,5.176916615683342
2.0,84.8,0.648854961832061,0.24775613099275406,0.688658696768542,5.180418049720053
2.0,84.7,0.648854961832061,0.2477584129585166,0.6886632629816469,5.183923718653618
2.0,84.6,0.648854961832061,0.24776069550753851,0.6886678303571698,5.187433629877259
2.0,84.5,0.648854961832061,0.24776297864037122,0.6886723988962183,5.190947790801333
2.0,84.4,0.648854961832061,0.2477652623575677,0.6886769685999004,5.194466208853448
2.0,84.3,0.648854961832061,0.2477675466596834,0.6886815394693276,5.197988891478682
2.0,84.2,0.648854961832061,0.24776983154727186,0.6886861115056102,5.201515846139346
2.0,84.1,0.648854961832061,0.24777211702089233,0.6886906847098667,5.205047080315298
2.0,84.0,0.648854961832061,0.24777440308109955,0.6886952590832092,5.20858260150378
2.0,83.9,0.648854961832061,0.24777668972845399,0.6886998346267617,5.212122417219648
2.0,83.8,0.648854961832061,0.24777897696351536,0.6887044113416444,5.215666534995285
2.0,83.7,0.648854961832061,0.24778126478684473,0.6887089892289799,5.219214962380775
2.0,83.6,0.648854961832061,0.24778355319900353,0.6887135682898956,5.22276770694384
2.0,83.5,0.648854961832061,0.24778584220055547,0.6887181485255206,5.226324776269949
2.0,83.4,0.648854961832061,0.2477881317920652,0.6887227299369829,5.229886177962416
2.0,83.3,0.648854961832061,0.24779042197409834,0.6887273125254195,5.233451919642322
2.0,83.2,0.648854961832061,0.24779271274722015,0.688731896291962,5.237022008948664
2.0,83.1,0.648854961832061,0.24779500411199995,0.6887364812377502,5.240596453538445
2.0,83.0,0.648854961832061,0.2477972960690067,0.6887410673639227,5.244175261086619
2.0,82.9,0.648854961832061,0.24779958861880894,0.6887456546716213,5.2477584392862076
2.0,82.8,0.648854961832061,0.24780188176198045,0.6887502431619923,5.251345995848318
2.0,82.7,0.648854961832061,0.24780417549909112,0.6887548328361806,5.254937938502345
2.0,82.6,0.648854961832061,0.24780646983071652,0.6887594236953358,5.258534274995666
2.0,82.5,0.648854961832061,0.24780876475742952,0.6887640157406094,5.2621350130941025
2.0,82.4,0.648854961832061,0.2478110602798073,0.6887686089731553,5.265740160581819
2.0,82.3,0.648854961832061,0.2478133563984275,0.6887732033941303,5.269349725261261
2.0,82.2,0.648854961832061,0.24781565311386658,0.6887777990046919,5.272963714953297
2.0,82.1,0.648854961832061,0.24781795042670499,0.688782395806,5.276582137497374
2.0,82.0,0.648854961832061,0.24782024833752328,0.688786993799219,5.280205000751455
2.0,81.9,0.648854961832061,0.24782254684690275,0.6887915929855141,5.28383231259202
2.0,81.8,0.648854961832061,0.24782484595542706,0.688796193366052,5.287464080914322
2.0,81.7,0.648854961832061,0.24782714566368,0.6888007949420055,5.291100313632168
2.0,81.6,0.648854961832061,0.24782944597224674,0.6888053977145444,5.29474101867828
2.0,81.5,0.648854961832061,0.2478317468817137,0.6888100016848441,5.298386204004172
2.0,81.4,0.648854961832061,0.24783404839266915,0.6888146068540854,5.302035877580072
2.0,81.3,0.648854961832061,0.24783635050570071,0.6888192132234429,5.305690047395329
2.0,81.2,0.648854961832061,0.24783865322139986,0.6888238207941013,5.309348721458223
2.0,81.1,0.648854961832061,0.24784095654035776,0.6888284295672458,5.3130119077959925
2.0,81.0,0.648854961832061,0.24784326046316665,0.6888330395440637,5.316679614455117
2.0,80.9,0.648854961832061,0.24784556499041965,0.6888376507257417,5.320351849501073
2.0,80.8,0.648854961832061,0.24784787012271275,0.6888422631134749,5.324028621018693
2.0,80.7,0.648854961832061,0.24785017586064143,0.6888468767084557,5.327709937111998
2.0,80.6,0.648854961832061,0.24785248220480333,0.6888514915118802,5.331395805904344
2.0,80.5,0.648854961832061,0.24785478915579767,0.6888561075249512,5.335086235538512
2.0,80.4,0.648854961832061,0.24785709671422293,0.6888607247488665,5.338781234176662
2.0,80.3,0.648854961832061,0.24785940488068178,0.6888653431848326,5.34248081000053
2.0,80.2,0.648854961832061,0.2478617136557749,0.6888699628340547,5.346184971211318
2.0,80.1,0.648854961832061,0.24786402304010646,0.6888745836977412,5.349893726029945
2.0,80.0,0.648854961832061,0.24786633303428143,0.6888792057771059,5.353607082696945
2.0,79.9,0.648854961832061,0.24786864363890707,0.6888838290733633,5.357325049472616
2.0,79.8,0.648854961832061,0.24787095485458788,0.6888884535877265,5.361047634637049
2.0,79.7,0.648854961832061,0.24787326668193435,0.6888930793214169,5.364774846490101
2.0,79.6,0.648854961832061,0.24787557912155622,0.6888977062756565,5.3685066933516925
2.0,79.5,0.648854961832061,0.2478778921740639,0.6889023344516685,5.372243183561655
2.0,79.4,0.648854961832061,0.24788020584006987,0.6889069638506801,5.3759843254797515
2.0,79.3,0.648854961832061,0.24788252012018874,0.6889115944739215,5.379730127486059
2.0,79.2,0.648854961832061,0.24788483501503367,0.6889162263226211,5.3834805979805616
2.0,79.1,0.648854961832061,0.24788715052522153,0.6889208593980156,5.387235745383641
2.0,79.0,0.648854961832061,0.24788946665136938,0.6889254937013409,5.390995578135881
2.0,78.9,0.648854961832061,0.24789178339409643,0.6889301292338369,5.394760104698165
2.0,78.8,0.648854961832061,0.24789410075402343,0.688934765996748,5.398529333551895
2.0,78.7,0.648854961832061,0.24789641873177032,0.6889394039913149,5.402303273198787
2.0,78.6,0.648854961832061,0.24789873732796017,0.6889440432187872,5.406081932161151
2.0,78.5,0.648854961832061,0.2479010565432162,0.6889486836804113,5.4098653189819546
2.0,78.4,0.648854961832061,0.2479033763781638,0.6889533253774426,5.41365344222465
2.0,78.3,0.648854961832061,0.24790569683342978,0.6889579683111355,5.417446310473508
2.0,78.2,0.648854961832061,0.24790801790964262,0.6889626124827495,5.421243932333491
2.0,78.1,0.648854961832061,0.24791033960743009,0.6889672578935406,5.425046316430549
2.0,78.0,0.648854961832061,0.24791266192742226,0.6889719045447735,5.428853471411318
2.0,77.9,0.648854961832061,0.2479149848702527,0.6889765524377154,5.432665405943596
2.0,77.8,0.648854961832061,0.24791730843655202,0.6889812015736305,5.436482128716031
2.0,77.7,0.648854961832061,0.24791963262695582,0.6889858519537921,5.440303648438466
2.0,77.6,0.648854961832061,0.24792195744210052,0.6889905035794747,5.444129973841871
2.0,77.5,0.648854961832061,0.24792428288262075,0.6889951564519496,5.447961113678381
2.0,77.4,0.648854961832061,0.24792660894915797,0.6889998105725011,5.451797076721503
2.0,77.3,0.648854961832061,0.2479289356423497,0.6890044659424093,5.455637871765998
2.0,77.2,0.648854961832061,0.24793126296283702,0.6890091225629559,5.459483507628136
2.0,77.1,0.648854961832061,0.24793359091126294,0.6890137804354283,5.463333993145591
2.0,77.0,0.648854961832061,0.24793591948827032,0.6890184395611172,5.46718933717753
2.0,76.9,0.648854961832061,0.24793824869450537,0.6890230999413142,5.471049548604876
2.0,76.8,0.648854961832061,0.24794057853061363,0.6890277615773153,5.474914636330014
2.0,76.7,0.648854961832061,0.24794290899724358,0.6890324244704165,5.478784609277281
2.0,76.6,0.648854961832061,0.2479452400950435,0.689037088621918,5.482659476392718
2.0,76.5,0.648854961832061,0.24794757182466404,0.6890417540331244,5.48653924664421
2.0,76.4,0.648854961832061,0.24794990418675744,0.6890464207053395,5.490423929021643
2.0,76.3,0.648854961832061,0.24795223718197687,0.6890510886398744,5.4943135325368715
2.0,76.2,0.648854961832061,0.2479545708109767,0.689055757838039,5.498208066223812
2.0,76.1,0.648854961832061,0.24795690507441295,0.6890604283011459,5.502107539138556
2.0,76.0,0.648854961832061,0.24795923997294342,0.6890651000305164,5.506011960359373
2.0,75.9,0.648854961832061,0.24796157550722672,0.6890697730274655,5.509921338986794
2.0,75.8,0.648854961832061,0.2479639116779228,0.6890744472933192,5.5138356841438085
2.0,75.7,0.648854961832061,0.2479662484856933,0.6890791228294023,5.517755004975674
2.0,75.6,0.648854961832061,0.24796858593120133,0.6890837996370398,5.521679310650212
2.0,75.5,0.648854961832061,0.2479709240151111,0.6890884777175655,5.525608610357749
2.0,75.4,0.648854961832061,0.24797326273808848,0.6890931570723117,5.529542913311239
2.0,75.3,0.648854961832061,0.24797560210080152,0.6890978377026166,5.533482228746421
2.0,75.2,0.648854961832061,0.24797794210391721,0.6891025196098174,5.537426565921618
2.0,75.1,0.648854961832061,0.24798028274810663,0.6891072027952604,5.541375934118167
2.0,75.0,0.648854961832061,0.24798262403404092,0.6891118872602863,5.545330342640181
2.0,74.9,0.648854961832061,0.24798496596239358,0.6891165730062447,5.5492898008147575
2.0,74.8,0.648854961832061,0.24798730853383835,0.6891212600344873,5.553254317992122
2.0,74.7,0.648854961832061,0.24798965174905155,0.6891259483463665,5.5572239035454745
2.0,74.6,0.648854961832061,0.24799199560870933,0.689130637943239,5.561198566871412
2.0,74.5,0.648854961832061,0.24799434011349192,0.6891353288264659,5.5651783173895435
2.0,74.4,0.648854961832061,0.24799668526407792,0.6891400209974085,5.569163164542974
2.0,74.3,0.648854961832061,0.24799903106115015,0.6891447144574314,5.573153117798132
2.0,74.2,0.648854961832061,0.24800137750539114,0.689149409207906,5.5771481866449655
2.0,74.1,0.648854961832061,0.2480037245974853,0.6891541052501992,5.581148380596905
2.0,74.0,0.648854961832061,0.24800607233811872,0.6891588025856884,5.585153709191122
2.0,73.9,0.648854961832061,0.24800842072797857,0.6891635012157481,5.589164181988331
2.0,73.8,0.648854961832061,0.2480107697677549,0.6891682011417621,5.593179808573146
2.0,73.7,0.648854961832061,0.24801311945813653,0.6891729023651094,5.597200598553944
2.0,73.6,0.648854961832061,0.2480154697998163,0.6891776048871782,5.601226561562988
2.0,73.5,0.648854961832061,0.24801782079348725,0.6891823087093558,5.605257707256643
2.0,73.4,0.648854961832061,0.24802017243984464,0.6891870138330387,5.609294045315256
2.0,73.3,0.648854961832061,0.2480225247395846,0.6891917202596163,5.613335585443343
2.0,73.2,0.648854961832061,0.2480248776934046,0.6891964279904883,5.617382337369531
2.0,73.1,0.648854961832061,0.24802723130200452,0.6892011370270563,5.621434310846943
2.0,73.0,0.648854961832061,0.2480295855660852,0.6892058473707233,5.62549151565292
2.0,72.9,0.648854961832061,0.24803194048634974,0.6892105590229002,5.629553961589247
2.0,72.8,0.648854961832061,0.24803429606350008,0.6892152719849918,5.633621658482275
2.0,72.7,0.648854961832061,0.24803665229824348,0.689219986258414,5.637694616182981
2.0,72.6,0.648854961832061,0.24803900919128652,0.6892247018445821,5.641772844566922
2.0,72.5,0.648854961832061,0.24804136674333774,0.6892294187449177,5.64585635353446
2.0,72.4,0.648854961832061,0.24804372495510624,0.6892341369608401,5.649945153010753
2.0,72.3,0.648854961832061,0.2480460838273049,0.689238856493776,5.654039252945926
2.0,72.2,0.648854961832061,0.2480484433606465,0.6892435773451543,5.658138663315039
2.0,72.1,0.648854961832061,0.24805080355584452,0.6892482995164049,5.662243394118225
2.0,72.0,0.648854961832061,0.24805316441361747,0.6892530230089652,5.666353455380734
2.0,71.9,0.648854961832061,0.24805552593468091,0.6892577478242704,5.670468857153081
2.0,71.8,0.648854961832061,0.2480578881197554,0.6892624739637632,5.674589609511072
2.0,71.7,0.648854961832061,0.24806025096956147,0.6892672014288866,5.6787157225558245
2.0,71.6,0.648854961832061,0.24806261448482145,0.689271930221088,5.682847206413992
2.0,71.5,0.648854961832061,0.24806497866626032,0.6892766603418189,5.686984071237733
2.0,71.4,0.648854961832061,0.24806734351460294,0.6892813917925338,5.691126327204923
2.0,71.3,0.648854961832061,0.24806970903057726,0.6892861245746879,5.695273984518956
2.0,71.2,0.648854961832061,0.24807207521491056,0.6892908586897386,5.699427053409123
2.0,71.1,0.648854961832061,0.248074442068335,0.6892955941391532,5.703585544130565
2.0,71.0,0.648854961832061,0.24807680959158174,0.6893003309243979,5.707749466964357
2.0,70.9,0.648854961832061,0.24807917778538485,0.6893050690469403,5.711918832217617
2.0,70.8,0.648854961832061,0.24808154665047918,0.6893098085082529,5.716093650223547
2.0,70.7,0.648854961832061,0.24808391618760142,0.6893145493098122,5.720273931341572
2.0,70.6,0.648854961832061,0.24808628639749022,0.6893192914530989,5.72445968595738
2.0,70.5,0.648854961832061,0.24808865728088633,0.6893240349395944,5.728650924482996
2.0,70.4,0.648854961832061,0.24809102883853054,0.6893287797707842,5.7328476573568885
2.0,70.3,0.648854961832061,0.24809340107116654,0.689333525948157,5.737049895044135
2.0,70.2,0.648854961832061,0.2480957739795399,0.6893382734732074,5.741257648036294
2.0,70.1,0.648854961832061,0.2480981475643958,0.6893430223474292,5.745470926851721
2.0,70.0,0.648854961832061,0.2481005218264847,0.6893477725723217,5.749689742035537
2.0,69.9,0.648854961832061,0.24810289676655456,0.6893525241493865,5.753914104159648
2.0,69.8,0.648854961832061,0.24810527238535737,0.689357277080129,5.7581440238230055
2.0,69.7,0.648854961832061,0.2481076486836471,0.6893620313660582,5.7623795116515995
2.0,69.6,0.648854961832061,0.24811002566217893,0.6893667870086898,5.766620578298429
2.0,69.5,0.648854961832061,0.24811240332170795,0.6893715440095329,5.770867234443881
2.0,69.4,0.648854961832061,0.24811478166299333,0.6893763023701118,5.775119490795447
2.0,69.3,0.648854961832061,0.24811716068679462,0.6893810620919452,5.779377358088173
2.0,69.2,0.648854961832061,0.24811954039387463,0.6893858231765612,5.783640847084452
2.0,69.1,0.648854961832061,0.24812192078499545,0.6893905856254872,5.787909968574349
2.0,69.0,0.648854961832061,0.24812430186092252,0.6893953494402568,5.792184733375462
2.0,68.9,0.648854961832061,0.24812668362242235,0.6894001146224046,5.796465152333223
2.0,68.8,0.648854961832061,0.24812906607026355,0.6894048811734703,5.800751236320858
2.0,68.7,0.648854961832061,0.24813144920521704,0.6894096490949987,5.8050429962394325
2.0,68.6,0.648854961832061,0.24813383302805295,0.6894144183885322,5.80934044301813
2.0,68.5,0.648854961832061,0.24813621753954598,0.6894191890556228,5.813643587614212
2.0,68.4,0.648854961832061,0.24813860274047161,0.6894239610978223,5.81795244101303
2.0,68.3,0.648854961832061,0.24814098863160594,0.6894287345166886,5.822267014228374
2.0,68.2,0.648854961832061,0.24814337521372837,0.6894335093137798,5.826587318302211
2.0,68.1,0.648854961832061,0.24814576248762002,0.6894382854906609,5.830913364305148
2.0,68.0,0.648854961832061,0.24814815045406216,0.6894430630488976,5.835245163336197
2.0,67.9,0.648854961832061,0.24815053911383875,0.6894478419900614,5.839582726523098
2.0,67.8,0.648854961832061,0.24815292846773604,0.6894526223157255,5.843926065022323
2.0,67.7,0.648854961832061,0.24815531851654068,0.6894574040274654,5.84827519001911
2.0,67.6,0.648854961832061,0.24815770926104294,0.6894621871268658,5.8526301127277085
2.0,67.5,0.648854961832061,0.24816010070203456,0.6894669716155113,5.856990844391287
2.0,67.4,0.648854961832061,0.2481624928403072,0.689471757494988,5.861357396282188
2.0,67.3,0.648854961832061,0.24816488567665468,0.6894765447668857,5.865729779701966
2.0,67.2,0.648854961832061,0.24816727921187548,0.6894813334328038,5.870108005981409
2.0,67.1,0.648854961832061,0.24816967344676663,0.6894861234943402,5.874492086480753
2.0,67.0,0.648854961832061,0.24817206838212852,0.6894909149530953,5.878882032589743
2.0,66.9,0.648854961832061,0.2481744640187618,0.6894957078106766,5.883277855727572
2.0,66.8,0.648854961832061,0.2481768603574716,0.6895005020686935,5.887679567343335
2.0,66.7,0.648854961832061,0.24817925739906235,0.6895052977287586,5.892087178915668
2.0,66.6,0.648854961832061,0.24818165514434196,0.6895100947924908,5.896500701953273
2.0,66.5,0.648854961832061,0.24818405359411938,0.6895148932615088,5.900920147994703
2.0,66.4,0.648854961832061,0.24818645274920553,0.6895196931374393,5.90534552860864
2.0,66.3,0.648854961832061,0.24818885261041226,0.6895244944219068,5.9097768553938925
2.0,66.2,0.648854961832061,0.2481912531785558,0.6895292971165458,5.914214139979544
2.0,66.1,0.648854961832061,0.2481936544544511,0.6895341012229921,5.918657394025083
2.0,66.0,0.648854961832061,0.24819605643891715,0.68953890674288,5.923106629220387
2.0,65.9,0.648854961832061,0.2481984591327742,0.689543713677858,5.927561857285992
2.0,65.8,0.648854961832061,0.24820086253684384,0.6895485220295702,5.9320230899730095
2.0,65.7,0.648854961832061,0.2482032666519502,0.6895533317996665,5.936490339063358
2.0,65.6,0.648854961832061,0.2482056714789191,0.6895581429898004,5.940963616369795
2.0,65.5,0.648854961832061,0.24820807701857822,0.6895629556016336,5.9454429337360795
2.0,65.4,0.648854961832061,0.24821048327175657,0.6895677696368214,5.949928303036963
2.0,65.3,0.648854961832061,0.24821289023928628,0.689572585097034,5.954419736178447
2.0,65.2,0.648854961832061,0.24821529792200012,0.6895774019839388,5.958917245097785
2.0,65.1,0.648854961832061,0.24821770632073356,0.6895822202992093,5.963420841763583
2.0,65.0,0.648854961832061,0.24822011543632397,0.6895870400445214,5.967930538175956
2.0,64.9,0.648854961832061,0.24822252526961003,0.6895918612215576,5.972446346366482
2.0,64.8,0.648854961832061,0.24822493582143176,0.6895966838319992,5.976968278398634
2.0,64.7,0.648854961832061,0.24822734709263417,0.689601507877538,5.981496346367507
2.0,64.6,0.648854961832061,0.24822975908406048,0.6896063333598633,5.9860305624000985
2.0,64.5,0.648854961832061,0.2482321717965576,0.6896111602806723,5.9905709386555275
2.0,64.4,0.648854961832061,0.24823458523097583,0.6896159886416666,5.995117487324831
2.0,64.3,0.648854961832061,0.24823699938816407,0.6896208184445494,5.999670220631431
2.0,64.2,0.648854961832061,0.2482394142689749,0.6896256496910255,6.004229150831008
2.0,64.1,0.648854961832061,0.2482418298742642,0.6896304823828096,6.008794290211584
2.0,64.0,0.648854961832061,0.2482442462048877,0.6896353165216174,6.013365651093837
2.0,63.9,0.648854961832061,0.2482466632617036,0.6896401521091671,6.017943245831013
2.0,63.8,0.648854961832061,0.24824908104557322,0.6896449891471834,6.022527086809087
2.0,63.7,0.648854961832061,0.2482514995573585,0.6896498276373941,6.027117186446968
2.0,63.6,0.648854961832061,0.2482539187979233,0.6896546675815273,6.0317135571964915
2.0,63.5,0.648854961832061,0.24825633876813555,0.6896595089813241,6.036316211542469
2.0,63.4,0.648854961832061,0.24825875946886344,0.6896643518385213,6.040925162003097
2.0,63.3,0.648854961832061,0.24826118090097662,0.6896691961548614,6.045540421129678
2.0,63.2,0.648854961832061,0.248263603065348,0.6896740419320925,6.050162001507061
2.0,63.1,0.648854961832061,0.24826602596285252,0.6896788891719678,6.054789915753448
2.0,63.0,0.648854961832061,0.24826844959436553,0.6896837378762418,6.059424176520843
2.0,62.9,0.648854961832061,0.24827087396076747,0.6896885880466759,6.06406479649493
2.0,62.8,0.648854961832061,0.24827329906293685,0.6896934396850313,6.068711788395181
2.0,62.7,0.648854961832061,0.24827572490175795,0.689698292793077,6.0733651649751135
2.0,62.6,0.648854961832061,0.24827815147811486,0.6897031473725859,6.078024939022274
2.0,62.5,0.648854961832061,0.2482805787928949,0.6897080034253346,6.082691123358452
2.0,62.4,0.648854961832061,0.24828300684698615,0.689712860953102,6.08736373083963
2.0,62.3,0.648854961832061,0.24828543564128053,0.6897177199576736,6.092042774356421
2.0,62.2,0.648854961832061,0.24828786517667012,0.6897225804408388,6.096728266833777
2.0,62.1,0.648854961832061,0.24829029545405015,0.6897274424043879,6.101420221231397
2.0,62.0,0.648854961832061,0.24829272647431835,0.6897323058501204,6.106118650543749
2.0,61.9,0.648854961832061,0.248295158238374,0.6897371707798372,6.110823567800091
2.0,61.8,0.648854961832061,0.24829759074711794,0.6897420371953424,6.115534986064888
2.0,61.7,0.648854961832061,0.24830002400145393,0.6897469050984469,6.1202529184375
2.0,61.6,0.648854961832061,0.2483024580022877,0.689751774490965,6.124977378052679
2.0,61.5,0.648854961832061,0.24830489275052695,0.6897566453747128,6.129708378080477
2.0,61.4,0.648854961832061,0.2483073282470821,0.6897615177515157,6.134445931726427
2.0,61.3,0.648854961832061,0.2483097644928638,0.6897663916231989,6.139190052231628
2.0,61.2,0.648854961832061,0.2483122014887871,0.6897712669915912,6.143940752872988
2.0,61.1,0.648854961832061,0.24831463923576852,0.6897761438585315,6.148698046963154
2.0,61.0,0.648854961832061,0.2483170777347265,0.6897810222258591,6.153461947850822
2.0,60.9,0.648854961832061,0.24831951698658075,0.6897859020954163,6.158232468920662
2.0,60.8,0.648854961832061,0.24832195699225557,0.6897907834690525,6.163009623593597
2.0,60.7,0.648854961832061,0.2483243977526747,0.6897956663486183,6.16779342532691
2.0,60.6,0.648854961832061,0.24832683926876586,0.6898005507359741,6.172583887614343
2.0,60.5,0.648854961832061,0.2483292815414581,0.6898054366329794,6.177381023986103
2.0,60.4,0.648854961832061,0.24833172457168304,0.6898103240414998,6.182184848009114
2.0,60.3,0.648854961832061,0.24833416836037484,0.6898152129634064,6.186995373287259
2.0,60.2,0.648854961832061,0.24833661290846978,0.6898201034005756,6.191812613461236
2.0,60.1,0.648854961832061,0.24833905821690475,0.6898249953548825,6.1966365822088285
2.0,60.0,0.648854961832061,0.24834150428662133,0.6898298888282136,6.201467293245032
2.0,59.9,0.648854961832061,0.24834395111856142,0.6898347838224553,6.206304760322161
2.0,59.8,0.648854961832061,0.24834639871367048,0.6898396803395006,6.211148997230023
2.0,59.7,0.648854961832061,0.24834884707289534,0.6898445783812485,6.2160000177958885
2.0,59.6,0.648854961832061,0.2483512961971858,0.6898494779495993,6.220857835884836
2.0,59.5,0.648854961832061,0.2483537460874927,0.6898543790464569,6.225722465399805
2.0,59.4,0.648854961832061,0.24835619674477072,0.689859281673735,6.230593920281575
2.0,59.3,0.648854961832061,0.24835864816997585,0.689864185833347,6.235472214509133
2.0,59.2,0.648854961832061,0.2483611003640666,0.6898690915272142,6.240357362099632
2.0,59.1,0.648854961832061,0.24836355332800328,0.6898739987572595,6.245249377108554
2.0,59.0,0.648854961832061,0.2483660070627495,0.6898789075254116,6.250148273629905
2.0,58.9,0.648854961832061,0.2483684615692705,0.689883817833606,6.2550540657963305
2.0,58.8,0.648854961832061,0.24837091684853374,0.6898887296837783,6.259966767779192
2.0,58.7,0.648854961832061,0.24837337290150913,0.6898936430778724,6.264886393788778
2.0,58.6,0.648854961832061,0.2483758297291698,0.6898985580178366,6.269812958074259
2.0,58.5,0.648854961832061,0.24837828733248984,0.6899034745056232,6.274746474924156
2.0,58.4,0.648854961832061,0.24838074571244545,0.6899083925431863,6.279686958666088
2.0,58.3,0.648854961832061,0.24838320487001717,0.6899133121324899,6.2846344236672245
2.0,58.2,0.648854961832061,0.2483856648061863,0.6899182332755,6.28958888433427
2.0,58.1,0.648854961832061,0.2483881255219378,0.6899231559741884,6.294550355113491
2.0,58.0,0.648854961832061,0.24839058701825623,0.689928080230528,6.2995188504911726
2.0,57.9,0.648854961832061,0.2483930492961319,0.6899330060465024,6.304494384993444
2.0,57.8,0.648854961832061,0.24839551235655477,0.6899379334240945,6.309476973186551
2.0,57.7,0.648854961832061,0.24839797620051932,0.6899428623652937,6.314466629677023
2.0,57.6,0.648854961832061,0.24840044082902119,0.6899477928720964,6.319463369111801
2.0,57.5,0.648854961832061,0.24840290624305927,0.6899527249465043,6.324467206178181
2.0,57.4,0.648854961832061,0.2484053724436333,0.6899576585905172,6.329478155604313
2.0,57.3,0.648854961832061,0.2484078394317477,0.6899625938061484,6.334496232159057
2.0,57.2,0.648854961832061,0.248410307208408,0.6899675305954114,6.339521450652174
2.0,57.1,0.648854961832061,0.24841277577462156,0.6899724689603229,6.344553825934676
2.0,57.0,0.648854961832061,0.24841524513139923,0.6899774089029096,6.349593372898609
2.0,56.9,0.648854961832061,0.24841771527975362,0.6899823504251978,6.354640106477454
2.0,56.8,0.648854961832061,0.24842018622070072,0.6899872935292238,6.359694041646316
2.0,56.7,0.648854961832061,0.24842265795525847,0.689992238217025,6.3647551934218445
2.0,56.6,0.648854961832061,0.24842513048444725,0.6899971844906458,6.369823576862428
2.0,56.5,0.648854961832061,0.2484276038092901,0.6900021323521337,6.374899207068609
2.0,56.4,0.648854961832061,0.24843007793081198,0.6900070818035456,6.379982099182844
2.0,56.3,0.648854961832061,0.24843255285004057,0.690012032846935,6.385072268389973
2.0,56.2,0.648854961832061,0.2484350285680069,0.6900169854843697,6.390169729917118
2.0,56.1,0.648854961832061,0.24843750508574286,0.6900219397179155,6.395274499033953
2.0,56.0,0.648854961832061,0.24843998240428572,0.6900268955496506,6.400386591052875
2.0,55.9,0.648854961832061,0.24844246052467175,0.6900318529816503,6.405506021329124
2.0,55.8,0.648854961832061,0.24844493944794188,0.6900368120159981,6.410632805260922
2.0,55.7,0.648854961832061,0.24844741917513963,0.6900417726547861,6.415766958289585
2.0,55.6,0.648854961832061,0.24844989970731055,0.6900467349001068,6.42090849589977
2.0,55.5,0.648854961832061,0.2484523810455031,0.6900516987540601,6.426057433619528
2.0,55.4,0.648854961832061,0.24845486319076646,0.6900566642187483,6.431213787020597
2.0,55.3,0.648854961832061,0.24845734614415602,0.6900616312962843,6.436377571718285
2.0,55.2,0.648854961832061,0.24845982990672624,0.6900665999887817,6.441548803371965
2.0,55.1,0.648854961832061,0.2484623144795352,0.6900715702983576,6.446727497685027
2.0,55.0,0.648854961832061,0.24846479986364664,0.6900765422271419,6.451913670404991
2.0,54.9,0.648854961832061,0.24846728606012197,0.6900815157772643,6.457107337323841
2.0,54.8,0.648854961832061,0.24846977307002824,0.6900864909508583,6.4623085142780265
2.0,54.7,0.648854961832061,0.24847226089443467,0.6900914677500657,6.46751721714866
2.0,54.6,0.648854961832061,0.2484747495344123,0.690096446177034,6.4727334618617824
2.0,54.5,0.648854961832061,0.24847723899103627,0.6901014262339144,6.477957264388306
2.0,54.4,0.648854961832061,0.24847972926538342,0.6901064079228626,6.483188640744399
2.0,54.3,0.648854961832061,0.24848222035853273,0.6901113912460414,6.4884276069914595
2.0,54.2,0.648854961832061,0.24848471227156743,0.6901163762056203,6.493674179236436
2.0,54.1,0.648854961832061,0.2484872050055709,0.69012136280377,6.498928373631853
2.0,54.0,0.648854961832061,0.24848969856163244,0.6901263510426704,6.504190206376034
2.0,53.9,0.648854961832061,0.248492192940842,0.6901313409245043,6.509459693713303
2.0,53.8,0.648854961832061,0.2484946881442925,0.6901363324514616,6.5147368519341144
2.0,53.7,0.648854961832061,0.24849718417308042,0.6901413256257376,6.520021697375054
2.0,53.6,0.648854961832061,0.24849968102830264,0.6901463204495298,6.525314246419418
2.0,53.5,0.648854961832061,0.2485021787110623,0.6901513169250487,6.5306145154969135
2.0,53.4,0.648854961832061,0.24850467722246228,0.6901563150545007,6.535922521084121
2.0,53.3,0.648854961832061,0.2485071765636101,0.6901613148401046,6.541238279704504
2.0,53.2,0.648854961832061,0.24850967673561503,0.6901663162840833,6.546561807928753
2.0,53.1,0.648854961832061,0.24851217773958953,0.6901713193886628,6.551893122374667
2.0,53.0,0.648854961832061,0.24851467957664802,0.6901763241560771,6.5572322397076865
2.0,52.9,0.648854961832061,0.2485171822479091,0.6901813305885653,6.562579176640773
2.0,52.8,0.648854961832061,0.24851968575449326,0.6901863386883715,6.567933949934679
2.0,52.7,0.648854961832061,0.24852219009752471,0.6901913484577483,6.573296576398174
2.0,52.6,0.648854961832061,0.24852469527812765,0.6901963598989469,6.57866707288803
2.0,52.5,0.648854961832061,0.24852720129743427,0.6902013730142333,6.584045456309515
2.0,52.4,0.648854961832061,0.24852970815657457,0.6902063878058724,6.589431743616276
2.0,52.3,0.648854961832061,0.2485322158566837,0.6902114042761367,6.594825951810536
2.0,52.2,0.648854961832061,0.24853472439889918,0.6902164224273049,6.600228097943543
2.0,52.1,0.648854961832061,0.2485372337843627,0.6902214422616628,6.60563819911541
2.0,52.0,0.648854961832061,0.2485397440142166,0.6902264637814993,6.611056272475382
2.0,51.9,0.648854961832061,0.24854225508960745,0.6902314869891103,6.61648233522223
2.0,51.8,0.648854961832061,0.24854476701168499,0.6902365118867991,6.6219164046041765
2.0,51.7,0.648854961832061,0.2485472797816007,0.6902415384768695,6.627358497919132
2.0,51.6,0.648854961832061,0.24854979340050973,0.6902465667616382,6.632808632514839
2.0,51.5,0.648854961832061,0.2485523078695709,0.6902515967434232,6.638266825789292
2.0,51.4,0.648854961832061,0.24855482318994365,0.6902566284245489,6.64373309519066
2.0,51.3,0.648854961832061,0.24855733936279306,0.6902616618073469,6.6492074582174645
2.0,51.2,0.648854961832061,0.2485598563892857,0.6902666968941539,6.654689932418961
2.0,51.1,0.648854961832061,0.24856237427059094,0.6902717336873136,6.660180535395139
2.0,51.0,0.648854961832061,0.2485648930078816,0.6902767721891719,6.665679284796987
2.0,50.9,0.648854961832061,0.24856741260233362,0.6902818124020853,6.671186198326631
2.0,50.8,0.648854961832061,0.24856993305512598,0.6902868543284156,6.67670129373767
2.0,50.7,0.648854961832061,0.24857245436744016,0.6902918979705279,6.68222458883512
2.0,50.6,0.648854961832061,0.2485749765404603,0.6902969433307965,6.687756101475839
2.0,50.5,0.648854961832061,0.2485774995753747,0.6903019904115982,6.693295849568416
2.0,50.4,0.648854961832061,0.24858002347337363,0.6903070392153178,6.698843851073801
2.0,50.3,0.648854961832061,0.24858254823565268,0.6903120897443491,6.704400124004987
2.0,50.2,0.648854961832061,0.2485850738634068,0.6903171420010868,6.70996468642768
2.0,50.1,0.648854961832061,0.24858760035783628,0.6903221959879324,6.715537556460078
2.0,50.0,0.648854961832061,0.24859012772014458,0.6903272517072978,6.721118752273338
2.0,49.9,0.648854961832061,0.24859265595153782,0.6903323091615993,6.726708292091712
2.0,49.8,0.648854961832061,0.24859518505322534,0.6903373683532573,6.732306194192636
2.0,49.7,0.648854961832061,0.24859771502641856,0.690342429284699,6.73791247690704
2.0,49.6,0.6513994910941476,0.24860024587233345,0.6903474919583579,6.743527158619501
2.0,49.5,0.6513994910941476,0.24860277759218977,0.6903525563766779,6.7491502577684
2.0,49.4,0.6513994910941476,0.2486053101872072,0.6903576225421031,6.7547817928462495
2.0,49.3,0.6513994910941476,0.2486078436586114,0.6903626904570879,6.760421782399662
2.0,49.2,0.6513994910941476,0.24861037800763028,0.6903677601240888,6.766070245029846
2.0,49.1,0.6513994910941476,0.24861291323549575,0.6903728315455742,6.771727199392497
2.0,49.0,0.6513994910941476,0.2486154493434406,0.6903779047240148,6.777392664198272
2.0,48.9,0.6513994910941476,0.24861798633270385,0.6903829796618896,6.7830666582128005
2.0,48.8,0.6513994910941476,0.24862052420452502,0.6903880563616824,6.7887492002569525
2.0,48.7,0.6513994910941476,0.24862306296014994,0.6903931348258865,6.794440309207159
2.0,48.6,0.6513994910941476,0.2486256026008236,0.6903982150569979,6.800140003995267
2.0,48.5,0.6513994910941476,0.2486281431277973,0.6904032970575212,6.805848303609265
2.0,48.4,0.6513994910941476,0.24863068454232434,0.6904083808299669,6.811565227092917
2.0,48.3,0.6513994910941476,0.24863322684566244,0.6904134663768521,6.817290793546549
2.0,48.2,0.6513994910941476,0.24863577003907078,0.6904185537007012,6.823025022126726
2.0,48.1,0.6513994910941476,0.24863831412381385,0.6904236428040441,6.828767932046798
2.0,48.0,0.6513994910941476,0.24864085910115674,0.690428733689415,6.834519542577038
2.0,47.9,0.6513994910941476,0.24864340497237195,0.6904338263593647,6.840279873044735
2.0,47.8,0.6513994910941476,0.2486459517387299,0.6904389208164349,6.84604894283464
2.0,47.7,0.6513994910941476,0.24864849940150968,0.6904440170631878,6.851826771388934
2.0,47.6,0.6513994910941476,0.24865104796199003,0.6904491151021841,6.857613378207458
2.0,47.5,0.6513994910941476,0.24865359742145435,0.6904542149359948,6.86340878284827
2.0,47.4,0.6513994910941476,0.24865614778118947,0.6904593165671958,6.869213004927333
2.0,47.3,0.6513994910941476,0.24865869904248594,0.6904644199983723,6.875026064119192
2.0,47.2,0.6513994910941476,0.2486612512066365,0.6904695252321144,6.880847980156864
2.0,47.1,0.6513994910941476,0.24866380427493812,0.6904746322710189,6.886678772832325
2.0,47.0,0.6513994910941476,0.24866635824869118,0.6904797411176883,6.892518461996492
2.0,46.9,0.6513994910941476,0.24866891312919992,0.6904848517747354,6.898367067559594
2.0,46.8,0.6513994910941476,0.24867146891777042,0.690489964244778,6.904224609491393
2.0,46.7,0.6513994910941476,0.2486740256157128,0.6904950785304367,6.910091107821191
2.0,46.6,0.6513994910941476,0.24867658322434252,0.690500194634347,6.915966582638501
2.0,46.5,0.6513994910941476,0.24867914174497602,0.6905053125591469,6.921851054092805
2.0,46.4,0.6513994910941476,0.24868170117893437,0.6905104323074807,6.9277445423939
2.0,46.3,0.6513994910941476,0.24868426152754236,0.690515553882002,6.933647067812477
2.0,46.2,0.6513994910941476,0.24868682279212712,0.6905206772853667,6.939558650679761
2.0,46.1,0.6513994910941476,0.24868938497402027,0.6905258025202445,6.9454793113881745
2.0,46.0,0.6513994910941476,0.24869194807455744,0.6905309295893084,6.951409070391547
2.0,45.9,0.6513994910941476,0.24869451209507612,0.6905360584952371,6.957347948205066
2.0,45.8,0.648854961832061,0.24869707703691882,0.6905411892407182,6.963295965405694
2.0,45.7,0.648854961832061,0.24869964290143087,0.6905463218284489,6.969253142632495
2.0,45.6,0.648854961832061,0.2487022096899608,0.6905514562611272,6.97521950058669
2.0,45.5,0.648854961832061,0.24870477740386285,0.690556592541466,6.981195060031934
2.0,45.4,0.648854961832061,0.2487073460444914,0.6905617306721789,6.987179841794594
2.0,45.3,0.648854961832061,0.2487099156132082,0.6905668706559895,6.993173866764011
2.0,45.2,0.648854961832061,0.24871248611137553,0.6905720124956293,6.999177155892632
2.0,45.1,0.648854961832061,0.24871505754036094,0.6905771561938351,7.005189730196455
2.0,45.0,0.648854961832061,0.24871762990153518,0.6905823017533549,7.011211610754906
2.0,44.9,0.648854961832061,0.24872020319627314,0.6905874491769385,7.017242818711455
2.0,44.8,0.648854961832061,0.24872277742595209,0.6905925984673454,7.02328337527366
2.0,44.7,0.648854961832061,0.24872535259195455,0.6905977496273448,7.029333301713488
2.0,44.6,0.648854961832061,0.2487279286956653,0.6906029026597088,7.035392619367455
2.0,44.5,0.648854961832061,0.2487305057384747,0.6906080575672233,7.041461349637089
2.0,44.4,0.648854961832061,0.24873308372177463,0.6906132143526749,7.047539513988824
2.0,44.3,0.648854961832061,0.248735662646962,0.6906183730188606,7.0536271339546115
2.0,44.2,0.648854961832061,0.24873824251543813,0.6906235335685889,7.059724231131955
2.0,44.1,0.648854961832061,0.24874082332860598,0.6906286960046649,7.065830827184236
2.0,44.0,0.648854961832061,0.24874340508787385,0.6906338603299137,7.071946943840995
2.0,43.9,0.648854961832061,0.24874598779465334,0.6906390265471593,7.078072602897996
2.0,43.8,0.648854961832061,0.2487485714503608,0.6906441946592392,7.084207826217752
2.0,43.7,0.648854961832061,0.24875115605641546,0.690649364668995,7.090352635729551
2.0,43.6,0.648854961832061,0.24875374161423985,0.690654536579277,7.096507053429966
2.0,43.5,0.648854961832061,0.24875632812526116,0.6906597103929406,7.102671101382801
2.0,43.4,0.648854961832061,0.2487589155909107,0.690664886112854,7.108844801719526
2.0,43.3,0.648854961832061,0.24876150401262276,0.6906700637418903,7.115028176639515
2.0,43.2,0.648854961832061,0.24876409339183622,0.6906752432829283,7.121221248410457
2.0,43.1,0.648854961832061,0.24876668372999375,0.6906804247388598,7.127424039368261
2.0,43.0,0.648854961832061,0.24876927502854207,0.6906856081125801,7.133636571917596
2.0,42.9,0.648854961832061,0.24877186728893047,0.690690793406992,7.139858868532144
2.0,42.8,0.648854961832061,0.2487744605126143,0.6906959806250116,7.146090951754745
2.0,42.7,0.648854961832061,0.2487770547010516,0.6907011697695575,7.152332844197674
2.0,42.6,0.648854961832061,0.24877964985570433,0.6907063608435561,7.158584568543118
2.0,42.5,0.648854961832061,0.2487822459780384,0.6907115538499454,7.164846147543166
2.0,42.4,0.648854961832061,0.24878484306952484,0.6907167487916694,7.171117604020149
2.0,42.3,0.648854961832061,0.24878744113163798,0.6907219456716823,7.177398960867133
2.0,42.2,0.648854961832061,0.2487900401658554,0.6907271444929401,7.183690241047888
2.0,42.1,0.648854961832061,0.24879264017365943,0.6907323452584146,7.1899914675973555
2.0,42.0,0.648854961832061,0.24879524115653598,0.6907375479710804,7.196302663621848
2.0,41.9,0.648854961832061,0.24879784311597694,0.6907427526339248,7.202623852299291
2.0,41.8,0.648854961832061,0.24880044605347662,0.6907479592499379,7.2089550568796605
2.0,41.7,0.648854961832061,0.2488030499705311,0.6907531678221205,7.215296300685092
2.0,41.6,0.648854961832061,0.24880565486864567,0.6907583783534844,7.221647607110179
2.0,41.5,0.648854961832061,0.24880826074932672,0.6907635908470463,7.228008999622403
2.0,41.4,0.648854961832061,0.24881086761408353,0.69076880530583,7.234380501762202
2.0,41.3,0.648854961832061,0.24881347546443308,0.6907740217328714,7.240762137143439
2.0,41.2,0.648854961832061,0.24881608430189403,0.6907792401312114,7.247153929453661
2.0,41.1,0.648854961832061,0.2488186941279904,0.6907844605039042,7.253555902454235
2.0,41.0,0.648854961832061,0.24882130494424812,0.690789682854004,7.259968079980838
2.0,40.9,0.648854961832061,0.24882391675220095,0.6907949071845833,7.266390485943453
2.0,40.8,0.648854961832061,0.2488265295533839,0.6908001334987157,7.272823144327151
2.0,40.7,0.648854961832061,0.2488291433493379,0.6908053617994857,7.279266079191882
2.0,40.6,0.648854961832061,0.24883175814160743,0.6908105920899873,7.285719314673117
2.0,40.5,0.648854961832061,0.24883437393174063,0.690815824373322,7.292182874981863
2.0,40.4,0.648854961832061,0.24883699072129148,0.6908210586525988,7.298656784405216
2.0,40.3,0.648854961832061,0.24883960851181783,0.6908262949309397,7.305141067306435
2.0,40.2,0.648854961832061,0.24884222730487982,0.6908315332114687,7.311635748125483
2.0,40.1,0.648854961832061,0.24884484710204582,0.6908367734973253,7.318140851379174
2.0,40.0,0.648854961832061,0.2488474679048845,0.690842015791652,7.324656401661351
2.0,39.9,0.648854961832061,0.24885008971497125,0.6908472600976047,7.331182423643516
2.0,39.8,0.648854961832061,0.24885271253388547,0.6908525064183424,7.337718942074888
2.0,39.7,0.648854961832061,0.2488553363632112,0.6908577547570404,7.344265981782744
2.0,39.6,0.648854961832061,0.24885796120453565,0.6908630051168765,7.3508235676728155
2.0,39.5,0.648854961832061,0.24886058705945255,0.6908682575010403,7.357391724729584
2.0,39.4,0.648854961832061,0.24886321392955738,0.6908735119127308,7.363970478016414
2.0,39.3,0.648854961832061,0.24886584181645233,0.690878768355153,7.370559852676157
2.0,39.2,0.648854961832061,0.24886847072174406,0.690884026831525,7.377159873931222
2.0,39.1,0.648854961832061,0.24887110064704063,0.6908892873450676,7.3837705670839675
2.0,39.0,0.648854961832061,0.24887373159395926,0.690894549899019,7.390391957517172
2.0,38.9,0.648854961832061,0.24887636356411788,0.6908998144966211,7.397024070693961
2.0,38.8,0.648854961832061,0.24887899655914192,0.6909050811411251,7.403666932158711
2.0,38.7,0.648854961832061,0.24888163058065865,0.6909103498357916,7.410320567536812
2.0,38.6,0.648854961832061,0.24888426563030222,0.6909156205838931,7.41698500253524
2.0,38.5,0.648854961832061,0.2488869017097089,0.6909208933887069,7.423660262942877
2.0,38.4,0.648854961832061,0.24888953882052298,0.6909261682535242,7.430346374630913
2.0,38.3,0.648854961832061,0.24889217696438987,0.6909314451816407,7.437043363553025
2.0,38.2,0.648854961832061,0.2488948161429611,0.6909367241763642,7.443751255745763
2.0,38.1,0.648854961832061,0.24889745635789487,0.6909420052410129,7.450470077328799
2.0,38.0,0.648854961832061,0.24890009761085055,0.690947288378913,7.457199854505454
2.0,37.9,0.648854961832061,0.24890273990349318,0.6909525735933975,7.463940613562951
2.0,37.8,0.648854961832061,0.24890538323749448,0.6909578608878136,7.47069238087263
2.0,37.7,0.648854961832061,0.24890802761452988,0.6909631502655162,7.477455182890445
2.0,37.6,0.648854961832061,0.24891067303627815,0.6909684417298673,7.484229046157109
2.0,37.5,0.648854961832061,0.24891331950442439,0.6909737352842414,7.4910139972987295
2.0,37.4,0.648854961832061,0.24891596702065794,0.6909790309320216,7.497810063026975
2.0,37.3,0.648854961832061,0.2489186155866727,0.6909843286765995,7.50461727013914
2.0,37.2,0.648854961832061,0.24892126520416852,0.6909896285213795,7.511435645519227
2.0,37.1,0.648854961832061,0.24892391587484894,0.6909949304697716,7.518265216137562
2.0,37.0,0.648854961832061,0.24892656760042287,0.6910002345252004,7.5251060090514
2.0,36.9,0.648854961832061,0.24892922038260334,0.6910055406910941,7.531958051405455
2.0,36.8,0.648854961832061,0.24893187422310983,0.6910108489708968,7.538821370432045
2.0,36.7,0.648854961832061,0.2489345291236647,0.6910161593680579,7.54569599345146
2.0,36.6,0.648854961832061,0.24893718508599744,0.6910214718860396,7.552581947872423
2.0,36.5,0.648854961832061,0.24893984211184092,0.6910267865283121,7.559479261192264
2.0,36.4,0.648854961832061,0.24894250020293343,0.6910321032983575,7.566387960997552
2.0,36.3,0.648854961832061,0.24894515936101794,0.6910374221996642,7.573308074964247
2.0,36.2,0.648854961832061,0.24894781958784226,0.6910427432357341,7.580239630858071
2.0,36.1,0.648854961832061,0.24895048088516153,0.6910480664100803,7.587182656534923
2.0,36.0,0.648854961832061,0.2489531432547332,0.6910533917262229,7.5941371799413675
2.0,35.9,0.648854961832061,0.24895580669832004,0.6910587191876917,7.601103229114691
2.0,35.8,0.648854961832061,0.2489584712176913,0.6910640487980284,7.608080832183623
2.0,35.7,0.648854961832061,0.24896113681462048,0.6910693805607877,7.615070017368441
2.0,35.6,0.648854961832061,0.2489638034908855,0.6910747144795258,7.6220708129815655
2.0,35.5,0.648854961832061,0.24896647124827195,0.6910800505578206,7.629083247427558
2.0,35.4,0.648854961832061,0.2489691400885664,0.6910853887992494,7.636107349204193
2.0,35.3,0.648854961832061,0.24897181001356608,0.6910907292074098,7.643143146901829
2.0,35.2,0.648854961832061,0.248974481025068,0.6910960717859019,7.65019066920497
2.0,35.1,0.648854961832061,0.2489771531248777,0.6911014165383397,7.657249944891611
2.0,35.0,0.648854961832061,0.24897982631480473,0.6911067634683484,7.664321002834157
2.0,34.9,0.648854961832061,0.2489825005966651,0.6911121125795626,7.6714038719998445
2.0,34.8,0.648854961832061,0.24898517597227748,0.6911174638756269,7.678498581450835
2.0,34.7,0.648854961832061,0.24898785244346905,0.6911228173601986,7.6856051603448
2.0,34.6,0.648854961832061,0.2489905300120705,0.691128173036942,7.692723637935322
2.0,34.5,0.648854961832061,0.24899320867991834,0.6911335309095369,7.699854043572118
2.0,34.4,0.648854961832061,0.2489958884488539,0.6911388909816677,7.706996406701773
2.0,34.3,0.648854961832061,0.24899856932072342,0.6911442532570362,7.714150756867755
2.0,34.2,0.648854961832061,0.24900125129738054,0.69114961773935,7.721317123710973
2.0,34.1,0.648854961832061,0.2490039343806829,0.6911549844323298,7.728495536970353
2.0,34.0,0.648854961832061,0.24900661857249368,0.6911603533397082,7.735686026482905
2.0,33.9,0.648854961832061,0.24900930387468254,0.6911657244652261,7.7428886221844095
2.0,33.8,0.648854961832061,0.24901199028912194,0.6911710978126355,7.750103354109613
2.0,33.7,0.648854961832061,0.24901467781769362,0.6911764733857035,7.7573302523929675
2.0,33.6,0.648854961832061,0.24901736646228137,0.691181851188203,7.7645693472686075
2.0,33.5,0.648854961832061,0.24902005622477646,0.6911872312239212,7.771820669070964
2.0,33.4,0.648854961832061,0.24902274710707567,0.6911926134966542,7.779084248235415
2.0,33.3,0.648854961832061,0.24902543911108072,0.6911979980102123,7.786360115298255
2.0,33.2,0.648854961832061,0.2490281322386992,0.6912033847684153,7.793648300897463
2.0,33.1,0.648854961832061,0.24903082649184466,0.6912087737750934,7.800948835773003
2.0,33.0,0.648854961832061,0.24903352187243527,0.6912141650340878,7.808261750767256
2.0,32.9,0.648854961832061,0.24903621838239667,0.6912195585492559,7.815587076825304
2.0,32.8,0.648854961832061,0.2490389160236578,0.69122495432446,7.822924844995771
2.0,32.7,0.648854961832061,0.24904161479815518,0.6912303523635762,7.830275086430796
2.0,32.6,0.648854961832061,0.24904431470783037,0.6912357526704934,7.837637832386572
2.0,32.5,0.648854961832061,0.2490470157546321,0.6912411552491144,7.845013114224069
2.0,32.4,0.648854961832061,0.24904971794051156,0.6912465601033462,7.852400963409161
2.0,32.3,0.648854961832061,0.24905242126742932,0.6912519672371134,7.859801411513174
2.0,32.2,0.648854961832061,0.2490551257373494,0.6912573766543494,7.867214490213337
2.0,32.1,0.648854961832061,0.2490578313522434,0.6912627883590012,7.874640231293224
2.0,32.0,0.648854961832061,0.2490605381140866,0.6912682023550277,7.882078666643142
2.0,31.9,0.648854961832061,0.24906324602486318,0.6912736186463978,7.889529828260627
2.0,31.8,0.648854961832061,0.24906595508656007,0.6912790372370926,7.89699374825104
2.0,31.7,0.648854961832061,0.24906866530117192,0.6912844581311058,7.904470458827693
2.0,31.6,0.648854961832061,0.24907137667069948,0.6912898813324432,7.911959992312534
2.0,31.5,0.648854961832061,0.24907408919714885,0.6912953068451224,7.919462381136659
2.0,31.4,0.648854961832061,0.24907680288253223,0.6913007346731711,7.926977657840523
2.0,31.3,0.648854961832061,0.24907951772886872,0.6913061648206343,7.934505855074717
2.0,31.2,0.648854961832061,0.2490822337381814,0.6913115972915626,7.94204700560012
2.0,31.1,0.648854961832061,0.2490849509125018,0.6913170320900218,7.94960114228856
2.0,31.0,0.648854961832061,0.2490876692538665,0.6913224692200947,7.957168298123354
2.0,30.9,0.648854961832061,0.2490903887643176,0.6913279086858655,7.964748506199457
2.0,30.8,0.648854961832061,0.24909310944590404,0.6913333504914394,7.972341799724353
2.0,30.7,0.648854961832061,0.24909583130068155,0.6913387946409324,7.979948212018127
2.0,30.6,0.648854961832061,0.24909855433071132,0.6913442411384718,7.987567776514319
2.0,30.5,0.648854961832061,0.24910127853806008,0.6913496899881956,7.995200526760108
2.0,30.4,0.648854961832061,0.24910400392480211,0.6913551411942576,8.002846496416998
2.0,30.3,0.648854961832061,0.249106730493017,0.6913605947608212,8.01050571926109
2.0,30.2,0.648854961832061,0.24910945824479125,0.6913660506920669,8.018178229183947
2.0,30.1,0.648854961832061,0.24911218718221823,0.6913715089921832,8.025864060192497
2.0,30.0,0.648854961832061,0.24911491730739557,0.6913769696653729,8.03356324641021
2.0,29.9,0.648854961832061,0.24911764862243047,0.6913824327158532,8.041275822077086
2.0,29.8,0.648854961832061,0.2491203811294329,0.6913878981478512,8.049001821550327
2.0,29.7,0.648854961832061,0.24912311483052116,0.6913933659656076,8.056741279304902
2.0,29.6,0.648854961832061,0.24912584972782154,0.6913988361733793,8.064494229933906
2.0,29.5,0.648854961832061,0.24912858582346267,0.6914043087754287,8.072260708149278
2.0,29.4,0.648854961832061,0.24913132311958483,0.6914097837760445,8.08004074878208
2.0,29.3,0.648854961832061,0.24913406161833043,0.6914152611795109,8.087834386783088
2.0,29.2,0.648854961832061,0.24913680132185098,0.6914207409901414,8.095641657223362
2.0,29.1,0.648854961832061,0.24913954223230234,0.6914262232122509,8.103462595294841
2.0,29.0,0.648854961832061,0.2491422843518506,0.691431707850175,8.111297236310609
2.0,28.9,0.648854961832061,0.24914502768266455,0.6914371949082604,8.119145615705573
2.0,28.8,0.648854961832061,0.2491477722269226,0.6914426843908645,8.12700776903708
2.0,28.7,0.648854961832061,0.2491505179868074,0.6914481763023602,8.134883731985287
2.0,28.6,0.648854961832061,0.24915326496451023,0.6914536706471355,8.14277354035377
2.0,28.5,0.648854961832061,0.249156013162228,0.691459167429588,8.15067723006995
2.0,28.4,0.648854961832061,0.24915876258216546,0.6914646666541332,8.158594837185786
2.0,28.3,0.648854961832061,0.24916151322653213,0.6914701683251965,8.166526397878325
2.0,28.2,0.648854961832061,0.2491642650975485,0.6914756724472215,8.174471948450089
2.0,28.1,0.648854961832061,0.24916701819743559,0.6914811790246588,8.182431525329575
2.0,28.0,0.648854961832061,0.24916977252842643,0.691486688061976,8.1904051650722
2.0,27.9,0.648854961832061,0.24917252809276003,0.6914921995636593,8.19839290436038
2.0,27.8,0.648854961832061,0.24917528489268048,0.6914977135342003,8.206394780004283
2.0,27.7,0.648854961832061,0.2491780429304411,0.6915032299781133,8.214410828942434
2.0,27.6,0.648854961832061,0.24918080220830013,0.6915087488999171,8.22244108824229
2.0,27.5,0.648854961832061,0.2491835627285238,0.6915142703041504,8.230485595100575
2.0,27.4,0.648854961832061,0.24918632449338607,0.691519794195369,8.238544386844193
2.0,27.3,0.648854961832061,0.24918908750516627,0.6915253205781337,8.246617500930407
2.0,27.2,0.648854961832061,0.2491918517661525,0.6915308494570274,8.254704974947899
2.0,27.1,0.648854961832061,0.24919461727863984,0.6915363808366446,8.262806846616712
2.0,27.0,0.648854961832061,0.24919738404492853,0.6915419147215931,8.2709231537894
2.0,26.9,0.648854961832061,0.24920015206732898,0.6915474511164974,8.279053934451372
2.0,26.8,0.648854961832061,0.24920292134815566,0.6915529900259932,8.287199226721444
2.0,26.7,0.648854961832061,0.249205691889733,0.6915585314547336,8.295359068852429
2.0,26.6,0.648854961832061,0.24920846369439303,0.6915640754073883,8.303533499231902
2.0,26.5,0.648854961832061,0.24921123676446977,0.6915696218886321,8.311722556382488
2.0,26.4,0.648854961832061,0.24921401110231187,0.6915751709031664,8.319926278962724
2.0,26.3,0.648854961832061,0.24921678671027145,0.6915807224557016,8.328144705767603
2.0,26.2,0.648854961832061,0.24921956359070788,0.6915862765509605,8.336377875729005
2.0,26.1,0.648854961832061,0.2492223417459873,0.6915918331936838,8.344625827916573
2.0,26.0,0.648854961832061,0.2492251211784875,0.6915973923886282,8.35288860153808
2.0,25.9,0.648854961832061,0.24922790189058872,0.6916029541405653,8.361166235940201
2.0,25.8,0.648854961832061,0.24923068388468167,0.691608518454277,8.369458770609043
2.0,25.7,0.648854961832061,0.24923346716316377,0.6916140853345673,8.377766245170806
2.0,25.6,0.648854961832061,0.24923625172843958,0.6916196547862486,8.386088699392388
2.0,25.5,0.648854961832061,0.2492390375829218,0.6916252268141528,8.394426173181964
2.0,25.4,0.648854961832061,0.24924182472903172,0.6916308014231283,8.402778706589782
2.0,25.3,0.648854961832061,0.2492446131691966,0.6916363786180343,8.411146339808505
2.0,25.2,0.648854961832061,0.24924740290585162,0.691641958403749,8.419529113174166
2.0,25.1,0.648854961832061,0.24925019394143946,0.6916475407851609,8.42792706716656
2.0,25.0,0.648854961832061,0.2492529862784139,0.6916531257671836,8.436340242410115
2.0,24.9,0.648854961832061,0.24925577991923112,0.691658713354737,8.444768679674198
2.0,24.8,0.648854961832061,0.24925857486635986,0.6916643035527622,8.453212419874152
2.0,24.7,0.648854961832061,0.249261371122274,0.6916698963662142,8.461671504071687
2.0,24.6,0.648854961832061,0.24926416868945586,0.6916754918000629,8.470145973475598
2.0,24.5,0.648854961832061,0.24926696757039626,0.6916810898592956,8.4786358694425
2.0,24.4,0.648854961832061,0.2492697677675934,0.6916866905489135,8.487141233477436
2.0,24.3,0.648854961832061,0.24927256928355374,0.6916922938739366,8.495662107234493
2.0,24.2,0.648854961832061,0.24927537212079198,0.6916978998393994,8.504198532517536
2.0,24.1,0.648854961832061,0.2492781762818302,0.6917035084503523,8.512750551280893
2.0,24.0,0.648854961832061,0.24928098176919822,0.6917091197118614,8.521318205629909
2.0,23.9,0.648854961832061,0.24928378858543723,0.6917147336290136,8.529901537821932
2.0,23.8,0.648854961832061,0.24928659673309142,0.6917203502069037,8.538500590266596
2.0,23.7,0.648854961832061,0.24928940621471773,0.6917259694506511,8.547115405526725
2.0,23.6,0.648854961832061,0.24929221703287846,0.691731591365387,8.555746026319145
2.0,23.5,0.648854961832061,0.24929502919014573,0.6917372159562607,8.564392495515081
2.0,23.4,0.648854961832061,0.24929784268909932,0.691742843228439,8.573054856141086
2.0,23.3,0.648854961832061,0.24930065753232794,0.6917484731871029,8.581733151379593
2.0,23.2,0.648854961832061,0.24930347372242678,0.6917541058374511,8.590427424569818
2.0,23.1,0.648854961832061,0.24930629126200068,0.6917597411846993,8.59913771920837
2.0,23.0,0.648854961832061,0.24930911015366544,0.6917653792340835,8.607864078949829
2.0,22.9,0.648854961832061,0.249311930400041,0.6917710199908503,8.616606547607638
2.0,22.8,0.648854961832061,0.249314752003759,0.6917766634602688,8.62536516915484
2.0,22.7,0.648854961832061,0.2493175749674571,0.6917823096476196,8.634139987724625
2.0,22.6,0.648854961832061,0.24932039929378294,0.6917879585582064,8.642931047611276
2.0,22.5,0.648854961832061,0.2493232249853939,0.6917936101973482,8.651738393270744
2.0,22.4,0.6513994910941476,0.24932605204495356,0.6917992645703783,8.660562069321491
2.0,22.3,0.6513994910941476,0.2493288804751364,0.6918049216826515,8.66940212054513
2.0,22.2,0.6513994910941476,0.24933171027862405,0.691810581539539,8.678258591887364
2.0,22.1,0.6513994910941476,0.24933454145810782,0.6918162441464273,8.687131528458396
2.0,22.0,0.6513994910941476,0.2493373740162875,0.6918219095087247,8.696020975534081
2.0,21.9,0.6513994910941476,0.24934020795587142,0.6918275776318509,8.704926978556388
2.0,21.8,0.6513994910941476,0.24934304327957735,0.6918332485212496,8.71384958313435
2.0,21.7,0.6513994910941476,0.2493458799901313,0.6918389221823791,8.722788835044714
2.0,21.6,0.6513994910941476,0.24934871809026923,0.6918445986207166,8.73174478023277
2.0,21.5,0.6513994910941476,0.2493515575827351,0.6918502778417563,8.74071746481301
2.0,21.4,0.6513994910941476,0.2493543984702833,0.6918559598510138,8.74970693507015
2.0,21.3,0.6513994910941476,0.24935724075567567,0.69186164465402,8.758713237459773
2.0,21.2,0.6513994910941476,0.24936008444168303,0.6918673322563217,8.767736418609006
2.0,21.1,0.6513994910941476,0.24936292953108707,0.6918730226634865,8.776776525317514
2.0,21.0,0.6513994910941476,0.249365776026677,0.6918787158811032,8.78583360455816
2.0,20.9,0.6513994910941476,0.24936862393125284,0.6918844119147758,8.794907703478033
2.0,20.8,0.6513994910941476,0.2493714732476226,0.6918901107701266,8.803998869398745
2.0,20.7,0.6513994910941476,0.24937432397860354,0.6918958124527972,8.813107149817936
2.0,20.6,0.6513994910941476,0.2493771761270236,0.6919015169684503,8.822232592409492
2.0,20.5,0.6513994910941476,0.2493800296957193,0.6919072243227634,8.831375245024711
2.0,20.4,0.6513994910941476,0.24938288468753542,0.6919129345214353,8.84053515569299
2.0,20.3,0.6513994910941476,0.24938574110532807,0.691918647570182,8.849712372622774
2.0,20.2,0.6513994910941476,0.2493885989519611,0.6919243634747412,8.858906944202094
2.0,20.1,0.6513994910941476,0.2493914582303108,0.6919300822408679,8.868118918999972
2.0,20.0,0.6513994910941476,0.24939431894325945,0.6919358038743354,8.8773483457665
2.0,19.9,0.6513994910941476,0.24939718109370193,0.6919415283809383,8.886595273434404
2.0,19.8,0.6513994910941476,0.2494000446845405,0.6919472557664907,8.89585975111946
2.0,19.7,0.6513994910941476,0.24940290971868903,0.6919529860368239,8.90514182812152
2.0,19.6,0.6513994910941476,0.24940577619906948,0.6919587191977898,8.914441553925357
2.0,19.5,0.6513994910941476,0.24940864412861433,0.6919644552552603,8.923758978201505
2.0,19.4,0.6513994910941476,0.2494115135102678,0.6919701942151287,8.933094150807042
2.0,19.3,0.6513994910941476,0.24941438434697918,0.6919759360833028,8.942447121786781
2.0,19.2,0.6513994910941476,0.24941725664171321,0.6919816808657175,8.951817941373665
2.0,19.1,0.6513994910941476,0.24942013039744082,0.6919874285683205,8.96120665999028
2.0,19.0,0.6513994910941476,0.2494230056171452,0.6919931791970858,8.970613328249083
2.0,18.9,0.6513994910941476,0.24942588230381724,0.6919989327580006,8.980037996953703
2.0,18.8,0.6513994910941476,0.24942876046046067,0.6920046892570815,8.989480717099841
2.0,18.7,0.6513994910941476,0.24943164009008656,0.6920104487003564,8.998941539876075
2.0,18.6,0.6513994910941476,0.24943452119571882,0.6920162110938791,9.008420516664655
2.0,18.5,0.6513994910941476,0.2494374037803902,0.6920219764437228,9.017917699042664
2.0,18.4,0.6513994910941476,0.2494402878471429,0.6920277447559774,9.02743313878285
2.0,18.3,0.6513994910941476,0.24944317339903177,0.6920335160367614,9.036966887854529
2.0,18.2,0.6513994910941476,0.24944606043911996,0.692039290292206,9.046518998424533
2.0,18.1,0.6513994910941476,0.24944894897048162,0.6920450675284688,9.05608952285803
2.0,18.0,0.6513994910941476,0.24945183899620316,0.692050847751726,9.065678513719744
2.0,17.9,0.6513994910941476,0.24945473051937767,0.6920566309681739,9.075286023774623
2.0,17.8,0.6513994910941476,0.24945762354311243,0.6920624171840324,9.08491210598903
2.0,17.7,0.6513994910941476,0.24946051807052383,0.692068206405541,9.094556813531474
2.0,17.6,0.6513994910941476,0.24946341410473769,0.69207399863896,9.104220199773742
2.0,17.5,0.6513994910941476,0.2494663116488932,0.6920797938905736,9.11390231829187
2.0,17.4,0.6513994910941476,0.24946921070613826,0.6920855921666844,9.123603222867041
2.0,17.3,0.6513994910941476,0.24947211127963229,0.6920913934736197,9.133322967486514
2.0,17.2,0.6513994910941476,0.24947501337254582,0.6920971978177257,9.143061606344846
2.0,17.1,0.6513994910941476,0.24947791698805946,0.6921030052053722,9.152819193844643
2.0,17.0,0.6513994910941476,0.24948082212936593,0.6921088156429509,9.162595784597682
2.0,16.9,0.6513994910941476,0.24948372879966618,0.6921146291368714,9.172391433425922
2.0,16.8,0.6513994910941476,0.24948663700217782,0.6921204456935748,9.18220619536245
2.0,16.7,0.6513994910941476,0.24948954674012253,0.6921262653195132,9.192040125652483
2.0,16.6,0.6513994910941476,0.24949245801673825,0.6921320880211684,9.201893279754573
2.0,16.5,0.6513994910941476,0.2494953708352721,0.6921379138050439,9.211765713341414
2.0,16.4,0.6513994910941476,0.24949828519898273,0.6921437426776623,9.221657482300953
2.0,16.3,0.6513994910941476,0.24950120111114024,0.6921495746455715,9.2315686427376
2.0,16.2,0.6513994910941476,0.24950411857502475,0.692155409715339,9.241499250972877
2.0,16.1,0.6513994910941476,0.24950703759393034,0.6921612478935618,9.251449363547056
2.0,16.0,0.6513994910941476,0.2495099581711606,0.6921670891868519,9.26141903721949
2.0,15.9,0.6513994910941476,0.24951288031003097,0.6921729336018483,9.271408328970422
2.0,15.8,0.6513994910941476,0.24951580401386847,0.6921787811452128,9.281417296001498
2.0,15.7,0.6513994910941476,0.24951872928601335,0.6921846318236337,9.291445995737122
2.0,15.6,0.6513994910941476,0.24952165612981345,0.6921904856438148,9.30149448582548
2.0,15.5,0.6513994910941476,0.2495245845486326,0.6921963426124885,9.311562824139655
2.0,15.4,0.6513994910941476,0.2495275145458431,0.6922022027364094,9.321651068778623
2.0,15.3,0.6513994910941476,0.24953044612483263,0.6922080660223588,9.331759278068436
2.0,15.2,0.6513994910941476,0.24953337928899688,0.6922139324771365,9.341887510563355
2.0,15.1,0.6513994910941476,0.24953631404174548,0.6922198021075694,9.352035825047015
2.0,15.0,0.6513994910941476,0.249539250386501,0.6922256749205095,9.362204280533392
2.0,14.9,0.6513994910941476,0.24954218832669564,0.6922315509228295,9.372392936267948
2.0,14.8,0.6513994910941476,0.24954512786577457,0.692237430121427,9.38260185172896
2.0,14.7,0.6513994910941476,0.24954806900719567,0.6922433125232237,9.392831086628538
2.0,14.6,0.6513994910941476,0.24955101175442954,0.6922491981351719,9.403080700913582
2.0,14.5,0.6513994910941476,0.2495539561109567,0.6922550869642389,9.413350754767412
2.0,14.4,0.6513994910941476,0.24955690208027284,0.6922609790174215,9.423641308610435
2.0,14.3,0.6513994910941476,0.24955984966588382,0.6922668743017433,9.43395242310165
2.0,14.2,0.6513994910941476,0.24956279887130828,0.6922727728242462,9.444284159139631
2.0,14.1,0.6513994910941476,0.2495657497000782,0.6922786745920018,9.454636577863898
2.0,14.0,0.6513994910941476,0.24956870215573762,0.692284579612108,9.46500974065582
2.0,13.9,0.6513994910941476,0.24957165624184338,0.6922904878916859,9.47540370914027
2.0,13.8,0.6513994910941476,0.2495746119619636,0.6922963994378782,9.4858185451863
2.0,13.7,0.6513994910941476,0.24957756931968156,0.6923023142578612,9.49625431090867
2.0,13.6,0.6513994910941476,0.2495805283185913,0.6923082323588284,9.506711068669114
2.0,13.5,0.6513994910941476,0.24958348896230093,0.6923141537480064,9.51718888107745
2.0,13.4,0.6513994910941476,0.24958645125442905,0.6923200784326391,9.527687810992612
2.0,13.3,0.6513994910941476,0.24958941519861066,0.6923260064200047,9.538207921524444
2.0,13.2,0.6513994910941476,0.24959238079849216,0.6923319377174048,9.54874927603434
2.0,13.1,0.6513994910941476,0.24959534805773145,0.6923378723321627,9.559311938136997
2.0,13.0,0.6513994910941476,0.24959831698000193,0.6923438102716326,9.569895971701188
2.0,12.9,0.6513994910941476,0.24960128756898955,0.6923497515431947,9.580501440851549
2.0,12.8,0.6513994910941476,0.2496042598283923,0.692355696154254,9.591128409969528
2.0,12.7,0.6513994910941476,0.24960723376192334,0.692361644112243,9.601776943694782
2.0,12.6,0.6513994910941476,0.2496102093733065,0.692367595424621,9.612447106926407
2.0,12.5,0.6513994910941476,0.24961318666628257,0.692373550098874,9.623138964824317
2.0,12.4,0.6513994910941476,0.24961616564460298,0.6923795081425156,9.633852582810624
2.0,12.3,0.6513994910941476,0.24961914631203372,0.692385469563085,9.644588026570672
2.0,12.2,0.6513994910941476,0.24962212867235473,0.6923914343681501,9.655345362054604
2.0,12.1,0.6513994910941476,0.2496251127293585,0.6923974025653057,9.666124655478812
2.0,12.0,0.6513994910941476,0.24962809848685283,0.6924033741621735,9.67692597332688
2.0,11.9,0.6513994910941476,0.2496310859486586,0.6924093491664053,9.687749382351361
2.0,11.8,0.6513994910941476,0.2496340751186104,0.6924153275856783,9.69859494957474
2.0,11.7,0.6513994910941476,0.24963706600055502,0.6924213094276946,9.709462742291343
2.0,11.6,0.6513994910941476,0.24964005859835736,0.692427294700192,9.720352828067941
2.0,11.5,0.6513994910941476,0.24964305291589314,0.6924332834109301,9.73126527474594
2.0,11.4,0.6513994910941476,0.24964604895705303,0.6924392755676998,9.742200150442278
2.0,11.3,0.6513994910941476,0.24964904672574226,0.6924452711783194,9.753157523550792
2.0,11.2,0.6513994910941476,0.24965204622587964,0.6924512702506351,9.764137462744069
2.0,11.1,0.6513994910941476,0.2496550474613994,0.6924572727925239,9.775140036974499
2.0,11.0,0.6513994910941476,0.24965805043624859,0.6924632788118891,9.786165315475621
2.0,10.9,0.6513994910941476,0.24966105515438974,0.6924692883166644,9.797213367763892
2.0,10.8,0.6513994910941476,0.24966406161980173,0.6924753013148148,9.808284263640022
2.0,10.7,0.6513994910941476,0.2496670698364732,0.6924813178143281,9.819378073190205
2.0,10.6,0.6513994910941476,0.24967007980841105,0.692487337823227,9.830494866787932
2.0,10.5,0.6513994910941476,0.24967309153963843,0.6924933613495637,9.841634715095129
2.0,10.4,0.6513994910941476,0.24967610503418847,0.6924993884014166,9.852797689063816
2.0,10.3,0.6513994910941476,0.24967912029611386,0.6925054189868971,9.863983859937775
2.0,10.2,0.6513994910941476,0.2496821373294786,0.6925114531141444,9.875193299253533
2.0,10.1,0.6513994910941476,0.24968515613836462,0.6925174907913302,9.8864260788425
2.0,10.0,0.6513994910941476,0.249688176726867,0.6925235320266541,9.897682270831861
2.0,9.9,0.6513994910941476,0.24969119909909598,0.6925295768283456,9.908961947646713
2.0,9.8,0.6513994910941476,0.24969422325917906,0.6925356252046663,9.92026518201106
2.0,9.7,0.6513994910941476,0.24969724921125763,0.6925416771639112,9.931592046949794
2.0,9.6,0.6513994910941476,0.24970027695948743,0.6925477327144002,9.942942615789947
2.0,9.5,0.6513994910941476,0.24970330650804173,0.6925537918644872,9.95431696216243
2.0,9.4,0.6513994910941476,0.24970633786110816,0.6925598546225585,9.965715160003544
2.0,9.3,0.6513994910941476,0.24970937102288973,0.6925659209970269,9.977137283556457
2.0,9.2,0.6513994910941476,0.2497124059976063,0.6925719909963438,9.98858340737311
2.0,9.1,0.6513994910941476,0.24971544278949298,0.6925780646289873,10.000053606315507
2.0,9.0,0.6513994910941476,0.2497184814028002,0.6925841419034676,10.011547955557539
2.0,8.9,0.6513994910941476,0.24972152184179447,0.6925902228283276,10.023066530586297
2.0,8.8,0.6513994910941476,0.24972456411075847,0.6925963074121413,10.034609407204188
2.0,8.7,0.6513994910941476,0.24972760821399043,0.6926023956635141,10.046176661530234
2.0,8.6,0.6513994910941476,0.24973065415580686,0.6926084875910913,10.057768370001725
2.0,8.5,0.6513994910941476,0.2497337019405377,0.6926145832035379,10.0693846093762
2.0,8.4,0.6513994910941476,0.24973675157253053,0.6926206825095611,10.08102545673256
2.0,8.3,0.6513994910941476,0.2497398030561497,0.6926267855178986,10.09269098947344
2.0,8.2,0.6513994910941476,0.24974285639577576,0.692632892237319,10.104381285326367
2.0,8.1,0.6513994910941476,0.2497459115958045,0.6926390026766284,10.116096422345723
2.0,8.0,0.6513994910941476,0.2497489686606494,0.6926451168446583,10.127836478914437
2.0,7.9,0.6513994910941476,0.24975202759474185,0.6926512347502835,10.139601533745529
2.0,7.8,0.6513994910941476,0.24975508840252808,0.6926573564024057,10.151391665884267
2.0,7.7,0.6513994910941476,0.24975815108847266,0.6926634818099633,10.163206954709466
2.0,7.6,0.6513994910941476,0.24976121565705492,0.6926696109819259,10.175047479935584
2.0,7.5,0.6513994910941476,0.24976428211277382,0.6926757439272997,10.186913321614062
2.0,7.4,0.6513994910941476,0.24976735046014475,0.6926818806551259,10.19880456013586
2.0,7.3,0.6513994910941476,0.249770420703699,0.6926880211744755,10.210721276232329
2.0,7.2,0.6513994910941476,0.24977349284798608,0.69269416549446,10.222663550977982
2.0,7.1,0.6513994910941476,0.24977656689757344,0.6927003136242234,10.234631465791507
2.0,7.0,0.6513994910941476,0.24977964285704507,0.692706465572943,10.24662510243783
2.0,6.9,0.6513994910941476,0.24978272073100327,0.6927126213498332,10.258644543030446
2.0,6.8,0.6513994910941476,0.24978580052406724,0.692718780964142,10.270689870032342
2.0,6.7,0.6513994910941476,0.24978888224087434,0.692724944425155,10.282761166258885
2.0,6.6,0.6513994910941476,0.24979196588607955,0.692731111742193,10.294858514878992
2.0,6.5,0.6513994910941476,0.24979505146435566,0.6927372829246102,10.30698199941718
2.0,6.4,0.6513994910941476,0.24979813898039477,0.692743457981801,10.319131703755678
2.0,6.3,0.6513994910941476,0.24980122843890432,0.6927496369231918,10.331307712136113
2.0,6.2,0.6513994910941476,0.24980431984461204,0.6927558197582466,10.343510109161537
2.0,6.1,0.6513994910941476,0.2498074132022643,0.6927620064964695,10.355738979798462
2.0,6.0,0.6513994910941476,0.24981050851662387,0.6927681971473968,10.367994409378452
2.0,5.9,0.6513994910941476,0.2498136057924734,0.6927743917206033,10.380276483600476
2.0,5.8,0.6513994910941476,0.24981670503461437,0.6927805902257018,10.3925852885329
2.0,5.7,0.6513994910941476,0.2498198062478653,0.6927867926723399,10.404920910615203
2.0,5.6,0.6513994910941476,0.24982290943706453,0.6927929990702067,10.417283436660043
2.0,5.5,0.6513994910941476,0.24982601460706952,0.6927992094290254,10.429672953855409
2.0,5.4,0.6513994910941476,0.24982912176275598,0.6928054237585596,10.442089549766482
2.0,5.3,0.6513994910941476,0.24983223090901863,0.6928116420686078,10.454533312338006
2.0,5.2,0.6513994910941476,0.24983534205077215,0.6928178643690102,10.467004329895955
2.0,5.1,0.648854961832061,0.24983845519294876,0.6928240906696433,10.4795026911497
2.0,5.0,0.648854961832061,0.24984157034050083,0.6928303209804216,10.492028485194309
2.0,4.9,0.648854961832061,0.2498446874984021,0.692836555311303,10.50458180151245
2.0,4.8,0.648854961832061,0.24984780667164327,0.6928427936722793,10.517162729976487
2.0,4.7,0.648854961832061,0.2498509278652337,0.692849036073381,10.52977136085069
2.0,4.6,0.648854961832061,0.2498540510842058,0.6928552825246838,10.542407784793445
2.0,4.5,0.648854961832061,0.2498571763336098,0.6928615330362988,10.55507209285907
2.0,4.4,0.648854961832061,0.24986030361851622,0.6928677876183773,10.567764376500534
2.0,4.3,0.648854961832061,0.2498634329440146,0.6928740462811108,10.580484727571081
2.0,4.2,0.648854961832061,0.2498665643152158,0.6928803090347314,10.593233238326698
2.0,4.1,0.648854961832061,0.24986969773725115,0.6928865758895121,10.606010001428547
2.0,4.0,0.648854961832061,0.24987283321527107,0.6928928468557655,10.618815109944489
2.0,3.9,0.648854961832061,0.24987597075444729,0.6928991219438458,10.631648657352091
2.0,3.8,0.648854961832061,0.24987911035997132,0.692905401164149,10.644510737540548
2.0,3.7,0.648854961832061,0.24988225203705589,0.6929116845271099,10.657401444812926
2.0,3.6,0.648854961832061,0.24988539579093344,0.6929179720432057,10.670320873888404
2.0,3.5,0.648854961832061,0.24988854162685925,0.6929242637229561,10.6832691199048
2.0,3.4,0.648854961832061,0.2498916895501085,0.6929305595769263,10.696246278420514
2.0,3.3,0.648854961832061,0.2498948395659758,0.6929368596157147,10.709252445417363
2.0,3.2,0.648854961832061,0.24989799167977925,0.6929431638499695,10.722287717302457
2.0,3.1,0.648854961832061,0.24990114589685783,0.692949472290379,10.735352190910762
2.0,3.0,0.648854961832061,0.2499043022225707,0.6929557849476751,10.748445963507576
2.0,2.9,0.648854961832061,0.24990746066229855,0.6929621018326303,10.761569132790676
2.0,2.8,0.648854961832061,0.24991062122144536,0.6929684229560633,10.774721796892997
2.0,2.7,0.648854961832061,0.24991378390543578,0.6929747483288359,10.78790405438479
2.0,2.6,0.648854961832061,0.2499169487197155,0.6929810779618516,10.801116004276237
2.0,2.5,0.648854961832061,0.24992011566975297,0.692987411866058,10.814357746019871
2.0,2.4,0.648854961832061,0.249923284761039,0.6929937500524485,10.827629379513073
2.0,2.3,0.648854961832061,0.24992645599908606,0.6930000925320605,10.840931005100444
2.0,2.2,0.648854961832061,0.2499296293894293,0.6930064393159772,10.854262723576543
2.0,2.1,0.648854961832061,0.24993280493762607,0.6930127904153229,10.867624636188122
2.0,2.0,0.648854961832061,0.24993598264925454,0.6930191458412692,10.88101684463684
2.0,1.9,0.648854961832061,0.24993916252991874,0.6930255056050328,10.894439451081821
2.0,1.8,0.648854961832061,0.2499423445852443,0.6930318697178793,10.907892558142226
2.0,1.7,0.648854961832061,0.2499455288208767,0.6930382381911114,10.92137626889981
2.0,1.6,0.648854961832061,0.24994871524248902,0.6930446110360876,10.934890686901596
2.0,1.5,0.648854961832061,0.24995190385577445,0.6930509882642076,10.948435916162122
2.0,1.4,0.648854961832061,0.24995509466645158,0.6930573698869178,10.96201206116694
2.0,1.3,0.648854961832061,0.24995828768025957,0.6930637559157103,10.975619226874395
2.0,1.2,0.648854961832061,0.24996148290296322,0.6930701463621287,10.989257518718704
2.0,1.1,0.648854961832061,0.24996468034035046,0.6930765412377595,11.002927042612747
2.0,1.0,0.648854961832061,0.24996787999823195,0.6930829405542385,11.016627904950553
2.0,0.9,0.648854961832061,0.24997108188244369,0.6930893443232491,11.030360212610129
2.0,0.8,0.648854961832061,0.24997428599884458,0.6930957525565205,11.044124072956347
2.0,0.7,0.648854961832061,0.2499774923533192,0.693102165265836,11.057919593843554
2.0,0.6,0.648854961832061,0.24998070095177338,0.6931085824630215,11.071746883618156
2.0,0.5,0.648854961832061,0.24998391180013962,0.6931150041599519,11.085606051122248
2.0,0.4,0.648854961832061,0.2499871249043754,0.693121430368556,11.09949720569527
2.0,0.3,0.648854961832061,0.24999034027046077,0.6931278611008077,11.113420457177876
2.0,0.2,0.648854961832061,0.24999355790440225,0.6931342963687318,11.127375915914284
2.0,0.1,0.648854961832061,0.24999677781223054,0.6931407361844036,11.141363692755245
