{
  "model": "BaselineEloSweep",
  "iterations": [
    "1.0",
    "1.1",
    "2.0"
  ],
  "best_iteration": "1.0",
  "best_k": 5.0,
  "train_ratio": 0.7,
  "n_games": 1312,
  "n_train": 919,
  "n_test": 393,
  "best_params": {
    "k_factor": 5.0,
    "initial_rating": 1200,
    "elo_scale": 400,
    "league_avg_goals": 3.0,
    "goal_diff_half_range": 6.0
  },
  "team_rankings": {
    "brazil": 1290.3,
    "netherlands": 1269.5,
    "peru": 1266.3,
    "thailand": 1246.1,
    "pakistan": 1245.2,
    "india": 1239.4,
    "china": 1231.2,
    "panama": 1228.5,
    "iceland": 1225.7,
    "philippines": 1215.6,
    "ethiopia": 1207.7,
    "serbia": 1202.1,
    "guatemala": 1201.6,
    "indonesia": 1200.2,
    "singapore": 1191.0,
    "saudi_arabia": 1190.4,
    "uk": 1189.9,
    "new_zealand": 1189.8,
    "south_korea": 1189.6,
    "vietnam": 1187.5,
    "mexico": 1183.5,
    "uae": 1180.8,
    "france": 1178.9,
    "canada": 1178.1,
    "germany": 1177.3,
    "switzerland": 1176.7,
    "usa": 1172.2,
    "oman": 1170.1,
    "morocco": 1166.0,
    "rwanda": 1144.4,
    "kazakhstan": 1138.6,
    "mongolia": 1126.0
  },
  "predictions": [
    {
      "game": 1,
      "home_team": "brazil",
      "away_team": "kazakhstan",
      "pred_home": 4.23,
      "pred_away": 1.77,
      "predicted_winner": "brazil",
      "confidence": 0.7054,
      "model_iteration": "1.0",
      "pred_type": "goals"
    },
    {
      "game": 2,
      "home_team": "netherlands",
      "away_team": "mongolia",
      "pred_home": 4.17,
      "pred_away": 1.83,
      "predicted_winner": "netherlands",
      "confidence": 0.6955,
      "model_iteration": "1.0",
      "pred_type": "goals"
    },
    {
      "game": 3,
      "home_team": "peru",
      "away_team": "rwanda",
      "pred_home": 4.01,
      "pred_away": 1.99,
      "predicted_winner": "peru",
      "confidence": 0.6686,
      "model_iteration": "1.0",
      "pred_type": "goals"
    },
    {
      "game": 4,
      "home_team": "thailand",
      "away_team": "oman",
      "pred_home": 3.65,
      "pred_away": 2.35,
      "predicted_winner": "thailand",
      "confidence": 0.6077,
      "model_iteration": "1.0",
      "pred_type": "goals"
    },
    {
      "game": 5,
      "home_team": "pakistan",
      "away_team": "germany",
      "pred_home": 3.58,
      "pred_away": 2.42,
      "predicted_winner": "pakistan",
      "confidence": 0.5965,
      "model_iteration": "1.0",
      "pred_type": "goals"
    },
    {
      "game": 6,
      "home_team": "india",
      "away_team": "usa",
      "pred_home": 3.57,
      "pred_away": 2.43,
      "predicted_winner": "india",
      "confidence": 0.5955,
      "model_iteration": "1.0",
      "pred_type": "goals"
    },
    {
      "game": 7,
      "home_team": "panama",
      "away_team": "switzerland",
      "pred_home": 3.44,
      "pred_away": 2.56,
      "predicted_winner": "panama",
      "confidence": 0.574,
      "model_iteration": "1.0",
      "pred_type": "goals"
    },
    {
      "game": 8,
      "home_team": "iceland",
      "away_team": "canada",
      "pred_home": 3.41,
      "pred_away": 2.59,
      "predicted_winner": "iceland",
      "confidence": 0.5681,
      "model_iteration": "1.0",
      "pred_type": "goals"
    },
    {
      "game": 9,
      "home_team": "china",
      "away_team": "france",
      "pred_home": 3.45,
      "pred_away": 2.55,
      "predicted_winner": "china",
      "confidence": 0.5747,
      "model_iteration": "1.0",
      "pred_type": "goals"
    },
    {
      "game": 10,
      "home_team": "philippines",
      "away_team": "morocco",
      "pred_home": 3.43,
      "pred_away": 2.57,
      "predicted_winner": "philippines",
      "confidence": 0.5709,
      "model_iteration": "1.0",
      "pred_type": "goals"
    },
    {
      "game": 11,
      "home_team": "ethiopia",
      "away_team": "saudi_arabia",
      "pred_home": 3.15,
      "pred_away": 2.85,
      "predicted_winner": "ethiopia",
      "confidence": 0.5249,
      "model_iteration": "1.0",
      "pred_type": "goals"
    },
    {
      "game": 12,
      "home_team": "singapore",
      "away_team": "new_zealand",
      "pred_home": 3.01,
      "pred_away": 2.99,
      "predicted_winner": "singapore",
      "confidence": 0.5016,
      "model_iteration": "1.0",
      "pred_type": "goals"
    },
    {
      "game": 13,
      "home_team": "guatemala",
      "away_team": "south_korea",
      "pred_home": 3.1,
      "pred_away": 2.9,
      "predicted_winner": "guatemala",
      "confidence": 0.5172,
      "model_iteration": "1.0",
      "pred_type": "goals"
    },
    {
      "game": 14,
      "home_team": "uk",
      "away_team": "mexico",
      "pred_home": 3.05,
      "pred_away": 2.95,
      "predicted_winner": "uk",
      "confidence": 0.5091,
      "model_iteration": "1.0",
      "pred_type": "goals"
    },
    {
      "game": 15,
      "home_team": "vietnam",
      "away_team": "serbia",
      "pred_home": 2.87,
      "pred_away": 3.13,
      "predicted_winner": "serbia",
      "confidence": 0.521,
      "model_iteration": "1.0",
      "pred_type": "goals"
    },
    {
      "game": 16,
      "home_team": "indonesia",
      "away_team": "uae",
      "pred_home": 3.17,
      "pred_away": 2.83,
      "predicted_winner": "indonesia",
      "confidence": 0.528,
      "model_iteration": "1.0",
      "pred_type": "goals"
    }
  ]
}